Hora y dia del sismo,Tsu,Vol,Country,Location Name,Latitude,Longitude,Focal Depth (km),Mag,poblacion total,Total Deaths,Total Missing,Total Injuries,Total Damage ($Mil),Total Houses Destroyed,Total Houses Damaged
1811-12-16 08:15:00,2442.0,0.0,USA,ARKANSAS: NORTHEAST (NEW MADRID EARTHQUAKES),35.6,-90.4,0.0,7.5,333287557,0.0,0.0,0.0,0.0,0.0,0.0
1811-12-16 13:15:00,2443.0,0.0,USA,ARKANSAS: NORTHEAST (NEW MADRID EARTHQUAKES),35.6,-90.4,0.0,7.0,333287557,0.0,0.0,0.0,0.0,0.0,0.0
1812-02-07 09:45:00,2445.0,0.0,USA,MISSOURI:  NEW MADRID,36.5,-89.6,0.0,7.5,333287557,0.0,0.0,1.0,0.0,0.0,0.0
1836-06-10 15:30:00,0.0,0.0,USA,CALIFORNIA,38.0,-122.0,0.0,0.0,333287557,0.0,0.0,0.0,0.0,0.0,0.0
1851-05-15 16:10:00,781.0,0.0,USA,CALIFORNIA:  NORTHERN,37.8,-122.4,0.0,0.0,333287557,0.0,0.0,0.0,0.0,0.0,0.0
1851-11-13 02:51:00,785.0,0.0,USA,CALIFORNIA:  NORTHERN,40.0,-122.0,0.0,0.0,333287557,0.0,0.0,0.0,0.0,0.0,0.0
1852-11-25 07:09:00,798.0,0.0,USA,CALIFORNIA:  NORTHERN,0.0,0.0,0.0,0.0,333287557,0.0,0.0,0.0,0.0,0.0,0.0
1854-01-27 18:10:00,818.0,0.0,USA,ALASKA:  GULF OF ALASKA,57.0,-152.0,0.0,0.0,333287557,0.0,0.0,0.0,0.0,0.0,0.0
1854-05-31 12:59:00,819.0,0.0,USA,CALIFORNIA:  SOUTHERN,34.4,-119.7,0.0,0.0,333287557,0.0,0.0,0.0,0.0,0.0,0.0
1854-10-22 03:35:00,829.0,0.0,USA,CALIFORNIA:  NORTHERN,37.8,-122.4,0.0,0.0,333287557,0.0,0.0,0.0,0.0,0.0,0.0
1855-03-20 00:30:00,844.0,0.0,USA,CALIFORNIA:  NORTHERN,40.75,-124.2,0.0,0.0,333287557,0.0,0.0,0.0,0.0,0.0,0.0
1855-07-11 04:15:00,846.0,0.0,USA,CALIFORNIA:  LOS ANGELES,34.1,-118.1,0.0,6.0,333287557,0.0,0.0,0.0,0.0,1.0,26.0
1855-10-22 03:45:00,849.0,0.0,USA,CALIFORNIA:  SAN FRANCISCO,37.8,-122.4,0.0,0.0,333287557,0.0,0.0,0.0,0.0,0.0,0.0
1856-02-15 13:25:00,856.0,0.0,USA,CALIFORNIA:  NORTHERN,37.5,-122.3,0.0,5.5,333287557,0.0,0.0,0.0,0.0,0.0,0.0
1857-01-09 10:13:00,0.0,0.0,USA,CALIFORNIA: SAN LUIS OBISPO,35.717,-120.317,0.0,7.9,333287557,2.0,0.0,0.0,0.0,0.0,0.0
1858-11-26 08:35:00,0.0,0.0,USA,"CALIFORNIA:  SAN JOSE,SAN FRANCISCO",37.5,-122.0,0.0,0.0,333287557,0.0,0.0,0.0,0.0,0.0,0.0
1861-07-04 00:11:00,0.0,0.0,USA,"CALIFORNIA:  CONTRA COSTA,ALAMEDA COUNTIES",37.5,-122.0,0.0,0.0,333287557,0.0,0.0,0.0,0.0,0.0,0.0
1865-10-01 17:15:00,0.0,0.0,USA,"CALIFORNIA:  FORT HUMBOLDT, EUREKA",41.0,-124.5,0.0,0.0,333287557,0.0,0.0,0.0,0.0,0.0,0.0
1865-10-08 20:46:00,940.0,0.0,USA,CALIFORNIA:  SANTA CRUZ,37.2,-121.9,0.0,6.3,333287557,0.0,0.0,0.0,500000.0,0.0,0.0
1866-09-05 13:00:00,957.0,0.0,USA,"ALASKA:  KODIAK ISLAND, AK",58.0,-152.0,0.0,0.0,333287557,0.0,0.0,0.0,0.0,0.0,0.0
1868-04-03 02:24:00,971.0,3423.0,USA,HAWAII:  SE OF,19.0,-155.5,0.0,7.9,333287557,77.0,0.0,0.0,0.0,0.0,0.0
1868-10-21 15:53:00,993.0,0.0,USA,"CALIFORNIA:  HAYWARD,SAN FRANCISCO",37.7,-122.1,0.0,6.8,333287557,30.0,0.0,0.0,350000.0,0.0,0.0
1869-02-10 11:50:00,997.0,0.0,USA,CALIFORNIA:  SAN FRANCISCO,37.783,-122.417,0.0,0.0,333287557,0.0,0.0,0.0,0.0,0.0,0.0
1869-02-13 11:30:00,998.0,0.0,USA,CALIFORNIA:  SAN FRANCISCO,37.783,-122.417,0.0,0.0,333287557,0.0,0.0,0.0,0.0,0.0,0.0
1871-02-20 08:41:00,1019.0,0.0,USA,HAWAIIAN ISLANDS,20.7,-157.0,0.0,7.0,333287557,0.0,0.0,0.0,0.0,0.0,0.0
1871-03-02 21:05:00,0.0,0.0,USA,CALIFORNIA:  HUMBOLDT COUNTY,40.4,-124.2,0.0,5.9,333287557,0.0,0.0,0.0,0.0,0.0,0.0
1871-06-18 00:00:00,2357.0,0.0,USA,NEW YORK:  LONG ISLAND,40.5,-73.9,0.0,0.0,333287557,0.0,0.0,0.0,0.0,0.0,0.0
1872-03-26 10:30:00,1039.0,0.0,USA,CALIFORNIA:  OWENS VALLEY,36.7,-118.1,0.0,7.8,333287557,27.0,0.0,56.0,250000.0,52.0,0.0
1872-08-23 18:06:00,1040.0,0.0,USA,ALASKA:  ALEUTIAN ISLANDS:  FOX ISLANDS,52.2,-168.5,0.0,0.0,333287557,0.0,0.0,0.0,0.0,0.0,0.0
1873-11-23 05:09:00,1055.0,0.0,USA,CALIFORNIA:  NORTHERN,42.0,-124.0,0.0,6.7,333287557,0.0,0.0,0.0,0.0,0.0,0.0
1879-08-10 21:07:00,1115.0,0.0,USA,CALIFORNIA:  SAN FERNANDO,34.227,-118.433,0.0,0.0,333287557,0.0,0.0,0.0,0.0,0.0,0.0
1880-09-29 04:00:00,1119.0,0.0,USA,ALASKA PENINSULA,55.8,-155.6,0.0,0.0,333287557,0.0,0.0,0.0,0.0,0.0,0.0
1880-10-26 22:20:00,1120.0,0.0,USA,ALASKA:  SOUTHEASTERN,57.0,-136.0,0.0,7.0,333287557,0.0,0.0,0.0,0.0,0.0,0.0
1884-08-10 19:07:00,2359.0,0.0,USA,"NEW YORK: ROCKAWAY BEACH, NEAR NEW YORK CITY",40.6,-73.75,0.0,5.5,333287557,0.0,0.0,0.0,0.0,0.0,0.0
1886-09-01 02:51:00,2360.0,0.0,USA,SOUTH CAROLINA:  CHARLESTON,32.9,-80.0,0.0,7.3,333287557,60.0,0.0,0.0,6000000.0,0.0,0.0
1891-11-29 23:21:00,1192.0,0.0,USA,WASHINGTON:  PUGET SOUND,48.0,-123.5,0.0,0.0,333287557,0.0,0.0,0.0,0.0,0.0,0.0
1892-04-19 10:50:00,0.0,0.0,USA,"CALIFORNIA:  VACAVILLE,WINTERS",38.5,-122.5,0.0,0.0,333287557,0.0,0.0,0.0,250000.0,0.0,0.0
1892-04-21 17:43:00,0.0,0.0,USA,CALIFORNIA:  WINTERS,38.5,-121.9,0.0,6.2,333287557,0.0,0.0,0.0,0.0,0.0,0.0
1895-09-01 11:09:00,2452.0,0.0,USA,NEW JERSEY: HIGH BRIDGE,40.667,-74.883,0.0,4.3,333287557,0.0,0.0,0.0,0.0,0.0,0.0
1895-10-31 11:08:00,2453.0,0.0,USA,MISSOURI:  CHARLESTON,37.0,-89.4,0.0,0.0,333287557,0.0,0.0,0.0,0.0,0.0,0.0
1898-03-31 07:43:00,1248.0,0.0,USA,CALIFORNIA:  SONOMA COUNTY,38.2,-122.4,0.0,6.5,333287557,0.0,0.0,0.0,0.0,0.0,0.0
1898-06-29 18:36:00,0.0,0.0,USA,ALASKA:  ALEUTIAN ISLANDS:  NEAR ISLANDS,52.0,172.0,0.0,7.6,333287557,0.0,0.0,0.0,0.0,0.0,0.0
1899-09-04 00:22:00,1258.0,0.0,USA,ALASKA:  CAPE YAKATAGA,60.0,-142.0,25.0,8.2,333287557,0.0,0.0,0.0,0.0,0.0,0.0
1899-09-10 17:04:00,0.0,0.0,USA,ALASKA:  CAPE YAKATAGA,60.0,-140.0,25.0,7.8,333287557,0.0,0.0,0.0,0.0,0.0,0.0
1899-09-10 21:41:00,1260.0,0.0,USA,ALASKA:  SE ALASKA,60.0,-140.0,60.0,8.2,333287557,0.0,0.0,0.0,0.0,0.0,0.0
1899-12-25 12:25:00,1270.0,0.0,USA,CALIFORNIA,33.5,-117.0,0.0,6.4,333287557,6.0,0.0,8.0,0.0,0.0,0.0
1900-08-11 04:40:00,2812.0,0.0,USA,ALASKA:  SE. ALASKA,58.6,-137.5,0.0,0.0,333287557,5.0,0.0,0.0,0.0,0.0,0.0
1900-10-09 12:25:00,0.0,0.0,USA,ALASKA:  KODIAK ISLAND,57.09,-153.48,0.0,8.3,333287557,0.0,0.0,0.0,0.0,0.0,0.0
1901-03-03 07:45:00,1277.0,0.0,USA,CALIFORNIA:  SAN DIEGO,36.0,-120.5,0.0,6.4,333287557,0.0,0.0,0.0,0.0,0.0,0.0
1901-12-31 09:02:00,1286.0,0.0,USA,ALASKA:  ALEUTIAN ISLANDS:  FOX ISLANDS,51.45,-171.02,0.0,7.8,333287557,0.0,0.0,0.0,0.0,0.0,0.0
1902-01-01 05:20:00,0.0,0.0,USA,ALASKA:  ALEUTIAN ISLANDS:  FOX ISLANDS,52.4,-167.5,0.0,7.8,333287557,0.0,0.0,0.0,0.0,0.0,0.0
1902-04-29 06:57:00,0.0,0.0,USA,CALIFORNIA:  SOUTHERN,34.5,-120.5,0.0,0.0,333287557,0.0,0.0,0.0,0.0,0.0,0.0
1902-11-17 19:50:00,0.0,0.0,USA,UTAH,37.4,-113.5,0.0,0.0,333287557,0.0,0.0,0.0,0.0,0.0,0.0
1903-06-02 13:17:00,0.0,0.0,USA,ALASKA:  SOUTHWEST,61.56,-158.54,0.0,8.3,333287557,0.0,0.0,0.0,0.0,0.0,0.0
1904-08-27 21:56:00,0.0,0.0,USA,ALASKA:  RAMPART,64.66,-148.08,0.0,8.3,333287557,0.0,0.0,0.0,0.0,0.0,0.0
1905-02-14 08:46:00,0.0,0.0,USA,ALASKA:  ANDREANOF ISLANDS,50.73,-178.55,0.0,7.9,333287557,0.0,0.0,0.0,0.0,0.0,0.0
1906-04-18 13:12:00,1333.0,0.0,USA,CALIFORNIA:  SAN FRANCISCO,37.67,-122.48,20.0,7.9,333287557,0.0,0.0,0.0,0.0,0.0,0.0
1906-08-17 00:11:00,0.0,0.0,USA,ALASKA:  ALEUTIAN ISLANDS:  RAT ISLANDS,51.853,178.18,110.0,8.3,333287557,0.0,0.0,0.0,0.0,0.0,0.0
1906-12-23 17:22:00,0.0,0.0,USA,ALASKA:  ALEUTIAN ISLANDS,56.85,-153.9,0.0,7.6,333287557,0.0,0.0,0.0,0.0,0.0,0.0
1907-09-02 16:01:00,0.0,0.0,USA,ALASKA:  ALEUTIAN ISLANDS,52.59,-169.73,0.0,7.8,333287557,0.0,0.0,0.0,0.0,0.0,0.0
1907-09-24 12:59:00,1362.0,0.0,USA,ALASKA:  SKAGWAY,59.5,-135.5,0.0,5.5,333287557,0.0,0.0,0.0,0.0,0.0,0.0
1908-02-14 11:25:00,1368.0,0.0,USA,ALASKA:  GULF OF ALASKA,61.0,-146.2,0.0,6.0,333287557,0.0,0.0,0.0,0.0,0.0,0.0
1908-09-21 06:31:00,1371.0,0.0,USA,HAWAII,19.0,-155.0,33.0,6.8,333287557,0.0,0.0,0.0,0.0,0.0,0.0
1909-04-10 19:36:00,0.0,0.0,USA,ALASKA:  ALEUTIAN ISLANDS,52.0,175.0,0.0,7.8,333287557,0.0,0.0,0.0,0.0,0.0,0.0
1909-10-06 02:41:00,5737.0,0.0,USA,UTAH,41.8,-112.7,0.0,0.0,333287557,0.0,0.0,0.0,0.0,0.0,0.0
1911-09-22 05:01:00,1399.0,0.0,USA,ALASKA:  PRINCE WILLIAM SOUND,60.5,-149.0,60.0,6.9,333287557,0.0,0.0,0.0,0.0,0.0,0.0
1912-11-07 07:40:00,0.0,0.0,USA,ALASKA:  ALASKA PENINSULA,57.5,-155.0,90.0,7.5,333287557,0.0,0.0,0.0,0.0,0.0,0.0
1915-06-23 04:56:00,0.0,0.0,USA,CALIFORNIA:  EL CENTRO,32.8,-115.5,0.0,6.2,333287557,6.0,0.0,0.0,900000.0,0.0,0.0
1915-10-03 06:52:00,0.0,0.0,USA,NEVADA:  PLEASANT VALLEY,40.5,-117.5,0.0,7.6,333287557,0.0,0.0,0.0,0.0,0.0,0.0
1916-02-06 21:51:00,0.0,0.0,USA,ALASKA:  ALEUTIAN ISLANDS,48.5,178.5,60.0,7.7,333287557,0.0,0.0,0.0,0.0,0.0,0.0
1916-04-18 04:01:00,0.0,0.0,USA,ALASKA:  ALEUTIAN ISLANDS:  FOX ISLANDS,53.3,-170.0,170.0,7.5,333287557,0.0,0.0,0.0,0.0,0.0,0.0
1917-05-31 08:47:00,0.0,0.0,USA,ALASKA:  ALASKA PENINSULA,54.79,-169.12,0.0,7.9,333287557,0.0,0.0,0.0,0.0,0.0,0.0
1918-04-21 22:32:00,0.0,0.0,USA,"CALIFORNIA: SAN JACINTO, HEMET",33.762,-116.972,10.0,6.7,333287557,1.0,0.0,0.0,200000.0,0.0,0.0
1921-09-29 14:12:00,0.0,0.0,USA,UTAH:  ELSINORE,38.7,-112.1,0.0,5.2,333287557,0.0,0.0,2.0,0.0,0.0,0.0
1922-01-31 13:17:00,0.0,0.0,USA,CALIFORNIA:  NORTHERN,41.0,-125.5,0.0,7.6,333287557,0.0,0.0,0.0,0.0,0.0,0.0
1923-01-22 09:04:00,1507.0,0.0,USA,CALIFORNIA:  NORTHERN,40.482,-125.034,15.0,7.1,333287557,0.0,0.0,0.0,0.0,0.0,0.0
1925-02-23 23:54:00,1550.0,0.0,USA,ALASKA:  GULF OF ALASKA,60.0,-146.0,0.0,6.8,333287557,0.0,0.0,0.0,0.0,0.0,0.0
1925-06-28 01:21:00,0.0,0.0,USA,MONTANA:  CLARKSTON VALLEY,46.4,-111.24,25.0,6.7,333287557,0.0,0.0,0.0,150000.0,0.0,0.0
1925-06-29 14:42:00,0.0,0.0,USA,CALIFORNIA:  SANTA BARBARA,34.418,-120.196,10.0,6.8,333287557,13.0,0.0,0.0,8000000.0,0.0,0.0
1926-03-20 09:03:00,1565.0,0.0,USA,HAWAII,20.5,-155.5,0.0,0.0,333287557,0.0,0.0,0.0,0.0,0.0,0.0
1927-01-01 08:16:00,1575.0,0.0,USA,"CALIFORNIA, MEXICO",32.5,-115.5,0.0,5.8,333287557,1.0,0.0,0.0,3000000.0,0.0,20.0
1927-10-24 15:59:00,1584.0,0.0,USA,ALASKA:  SE ALASKA,57.69,-136.07,0.0,7.1,333287557,0.0,0.0,0.0,0.0,0.0,0.0
1927-11-04 13:50:00,1585.0,0.0,USA,CALIFORNIA:  S:  OFF COAST,34.813,-120.774,10.0,7.3,333287557,0.0,0.0,0.0,0.0,0.0,0.0
1929-03-07 01:34:00,1613.0,0.0,USA,ALASKA:  ALEUTIAN ISLANDS:  FOX ISLANDS,51.0,-170.0,50.0,7.8,333287557,0.0,0.0,0.0,0.0,0.0,0.0
1929-08-12 11:24:00,2365.0,0.0,USA,NEW YORK:  ATTICA,42.9,-78.3,0.0,0.0,333287557,0.0,0.0,0.0,0.0,0.0,0.0
1929-12-17 10:58:00,0.0,0.0,USA,ALASKA:  ALEUTIAN ISLANDS:  NEAR ISLANDS,52.5,171.5,25.0,7.8,333287557,0.0,0.0,0.0,0.0,0.0,0.0
1930-08-31 00:40:00,1627.0,0.0,USA,CALIFORNIA:  SOUTHERN,34.03,-118.643,15.0,5.2,333287557,1.0,0.0,0.0,0.0,0.0,0.0
1932-06-06 08:44:00,0.0,0.0,USA,CALIFORNIA: EUREKA,40.729,-124.287,15.0,6.5,333287557,1.0,0.0,0.0,0.0,0.0,0.0
1933-03-11 01:54:00,1662.0,0.0,USA,CALIFORNIA:  LONG BEACH,33.62,-117.97,16.0,6.3,333287557,120.0,0.0,0.0,41000000.0,0.0,0.0
1934-03-12 15:05:00,0.0,0.0,USA,UTAH,41.7,-112.8,0.0,6.6,333287557,2.0,0.0,0.0,0.0,0.0,0.0
1935-10-19 04:48:00,0.0,0.0,USA,MONTANA:  HELENA,46.6,-112.0,0.0,6.2,333287557,2.0,0.0,0.0,19000000.0,300.0,0.0
1935-10-31 18:37:00,0.0,0.0,USA,MONTANA:  HELENA,46.6,-112.0,0.0,6.0,333287557,2.0,0.0,0.0,6000000.0,0.0,0.0
1938-11-10 20:18:00,1722.0,0.0,USA,ALASKA,55.48,-158.37,25.0,8.2,333287557,0.0,0.0,0.0,0.0,0.0,0.0
1940-05-19 04:36:00,0.0,0.0,USA,CALIFORNIA; MEXICO,32.733,-115.5,16.0,7.2,333287557,9.0,0.0,0.0,33000000.0,0.0,0.0
1940-07-14 05:52:00,0.0,0.0,USA,ALASKA:  ALEUTIAN ISLANDS:  RAT ISLANDS,52.0,178.2,65.0,7.4,333287557,0.0,0.0,0.0,0.0,0.0,0.0
1941-02-09 09:44:00,1745.0,0.0,USA,CALIFORNIA:  NORTHERN,40.5,-125.25,0.0,6.6,333287557,0.0,0.0,0.0,0.0,0.0,0.0
1944-09-05 04:38:00,0.0,0.0,USA,NEW YORK:  MASSENA,44.957,-74.723,12.0,5.6,333287557,0.0,0.0,0.0,2000000.0,0.0,0.0
1946-04-01 12:29:00,1762.0,0.0,USA,ALASKA:  UNIMAK ISLAND,53.492,-162.832,15.0,8.6,333287557,168.0,0.0,0.0,26271000.0,0.0,0.0
1946-11-01 11:14:00,1768.0,0.0,USA,ALASKA:  EAST ALEUTIAN ISLANDS,51.5,-174.5,40.0,0.0,333287557,0.0,0.0,0.0,0.0,0.0,0.0
1947-04-10 15:58:00,0.0,0.0,USA,CALIFORNIA,35.0,-116.6,0.0,6.4,333287557,0.0,0.0,0.0,0.0,0.0,0.0
1948-05-14 22:31:00,0.0,0.0,USA,ALASKA:  ALASKA PENINSULA,54.5,-161.0,25.0,7.5,333287557,0.0,0.0,0.0,0.0,0.0,0.0
1949-04-13 19:55:00,1790.0,0.0,USA,WASHINGTON,47.167,-122.617,0.0,7.0,333287557,8.0,0.0,0.0,25000000.0,0.0,0.0
1949-11-17 01:19:00,0.0,0.0,USA,CALIFORNIA:  SOUTHERN,33.75,-118.25,0.0,0.0,333287557,0.0,0.0,0.0,9000000.0,0.0,0.0
1951-08-15 07:23:00,0.0,0.0,USA,CALIFORNIA:  TERMINAL ISLAND,33.5,-118.2,0.0,0.0,333287557,0.0,0.0,0.0,0.0,0.0,0.0
1951-08-21 10:57:00,1815.0,0.0,USA,HAWAII,19.7,-156.0,60.0,6.9,333287557,0.0,0.0,0.0,0.0,0.0,0.0
1952-03-17 03:58:00,1819.0,0.0,USA,HAWAII,19.11,-155.033,33.0,0.0,333287557,0.0,0.0,0.0,0.0,0.0,0.0
1952-07-21 11:52:00,0.0,0.0,USA,CALIFORNIA:  KERN COUNTY,35.0,-119.017,16.0,7.7,333287557,12.0,0.0,0.0,60000000.0,0.0,0.0
1952-08-22 22:41:00,0.0,0.0,USA,CALIFORNIA:  KERN COUNTY,35.333,-118.917,16.0,5.8,333287557,2.0,0.0,0.0,10000000.0,90.0,0.0
1954-07-06 11:13:00,0.0,0.0,USA,NEVADA:  FALLON,39.4,-118.5,0.0,6.8,333287557,0.0,0.0,0.0,0.0,0.0,0.0
1954-12-16 11:07:00,0.0,0.0,USA,NEVADA:  DIXIE VALLEY,39.3,-118.2,0.0,7.0,333287557,0.0,0.0,0.0,0.0,0.0,0.0
1954-12-21 19:56:00,0.0,0.0,USA,CALIFORNIA:  HUMBOLDT COUNTY,40.846,-123.893,15.0,6.6,333287557,1.0,0.0,0.0,2100000.0,0.0,0.0
1955-01-25 12:23:00,0.0,0.0,USA,CALIFORNIA:  TERMINAL ISLAND,33.8,-118.2,0.0,0.0,333287557,0.0,0.0,0.0,0.0,0.0,0.0
1957-03-09 14:22:00,1867.0,3117.0,USA,ALASKA,51.292,-175.629,33.0,8.6,333287557,2.0,0.0,1.0,0.0,0.0,0.0
1957-03-22 14:21:00,0.0,0.0,USA,ALASKA:  ALEUTIAN ISLANDS:  FOX ISLANDS,55.0,-165.2,0.0,7.5,333287557,0.0,0.0,0.0,0.0,0.0,0.0
1957-03-22 19:44:00,0.0,0.0,USA,CALIFORNIA:  SAN MATEO COUNTY,37.557,-122.724,15.0,5.7,333287557,0.0,0.0,40.0,1000000.0,0.0,0.0
1958-07-10 06:15:00,1880.0,0.0,USA,ALASKA:  LITUYA BAY,58.37,-136.665,35.0,7.8,333287557,5.0,0.0,0.0,100000.0,0.0,0.0
1959-08-18 06:37:00,2371.0,0.0,USA,MONTANA:  HEBGEN LAKE,44.712,-111.215,5.0,7.7,333287557,28.0,0.0,0.0,11000000.0,0.0,0.0
1961-04-04 21:32:00,0.0,0.0,USA,CALIFORNIA:  TERMINAL ISLAND,34.0,-118.0,16.0,0.0,333287557,0.0,0.0,0.0,0.0,0.0,0.0
1962-08-30 13:35:00,0.0,0.0,USA,UTAH,41.8,-111.8,37.0,5.8,333287557,0.0,0.0,0.0,1000000.0,0.0,0.0
1962-12-21 08:42:00,1937.0,0.0,USA,ALASKA:  ALEUTIAN ISLANDS:  FOX ISLANDS,52.47,-168.54,33.0,6.5,333287557,0.0,0.0,0.0,0.0,0.0,0.0
1964-03-28 03:36:00,1954.0,0.0,USA,ALASKA,61.017,-147.648,33.0,9.2,333287557,139.0,0.0,0.0,400000000.0,0.0,0.0
1965-02-04 05:01:00,1964.0,0.0,USA,ALASKA:  ALEUTIAN ISLANDS:  RAT ISLANDS,51.29,178.55,36.0,8.7,333287557,0.0,0.0,0.0,10000.0,0.0,0.0
1965-03-30 02:27:00,1967.0,0.0,USA,ALASKA:  ALEUTIAN ISLANDS:  RAT ISLANDS,50.32,177.93,20.0,7.6,333287557,0.0,0.0,0.0,0.0,0.0,0.0
1965-04-29 15:28:00,0.0,0.0,USA,WASHINGTON:  SEATTLE,47.4,-122.3,59.0,6.6,333287557,7.0,0.0,0.0,28000000.0,0.0,0.0
1965-07-02 20:58:00,1971.0,0.0,USA,ALASKA:  ALEUTIAN ISLANDS:  FOX ISLANDS,53.03,-167.55,40.0,6.5,333287557,0.0,0.0,0.0,0.0,0.0,0.0
1969-10-02 04:56:00,0.0,0.0,USA,CALIFORNIA:  SANTA ROSA,38.467,-122.692,10.0,4.8,333287557,1.0,0.0,0.0,8350000.0,0.0,0.0
1970-03-11 22:38:00,3309.0,0.0,USA,ALASKA:  ANDREANOF ISLANDS,57.5,-153.9,29.0,6.0,333287557,0.0,0.0,0.0,0.0,0.0,0.0
1971-02-09 14:00:00,0.0,0.0,USA,CALIFORNIA:  SAN FERNANDO,34.412,-118.4,8.0,6.5,333287557,65.0,0.0,2000.0,505000000.0,0.0,0.0
1971-05-02 06:08:00,2031.0,0.0,USA,ALASKA:  ANDREANOF ISLANDS,51.4,-177.2,43.0,7.1,333287557,0.0,0.0,0.0,0.0,0.0,0.0
1971-11-06 22:00:00,2042.0,0.0,USA,ALASKA:  ALEUTIAN ISLANDS:  RAT ISLANDS,51.5,179.1,2.0,5.7,333287557,0.0,0.0,0.0,0.0,0.0,0.0
1972-07-30 21:45:00,2049.0,0.0,USA,"ALASKA:  SITKA, JUNEAU",56.82,-135.68,25.0,7.6,333287557,0.0,0.0,0.0,0.0,0.0,0.0
1973-02-21 14:45:00,0.0,0.0,USA,CALIFORNIA:  OXNARD,34.1,-119.0,8.0,5.7,333287557,0.0,0.0,0.0,0.0,0.0,0.0
1973-04-26 20:26:00,0.0,0.0,USA,HAWAII: HILO,19.936,-155.098,48.0,6.5,333287557,0.0,0.0,11.0,5750000.0,0.0,0.0
1975-02-02 08:43:00,0.0,0.0,USA,ALASKA:  ALEUTIAN ISLANDS:  NEAR ISLANDS,53.11,173.5,10.0,7.6,333287557,0.0,0.0,0.0,0.0,0.0,0.0
1975-03-28 02:31:00,0.0,0.0,USA,IDAHO:  POCATELLO VALLEY,42.06,-112.55,5.0,6.0,333287557,0.0,0.0,1.0,1000000.0,0.0,520.0
1975-08-01 20:20:00,0.0,0.0,USA,CALIFORNIA:  OROVILLE,39.439,-121.528,15.0,5.6,333287557,0.0,0.0,10.0,3000000.0,0.0,0.0
1975-11-29 14:47:00,2080.0,3407.0,USA,HAWAII,19.451,-155.033,2.0,7.7,333287557,2.0,0.0,0.0,4000000.0,0.0,0.0
1978-08-13 22:54:00,0.0,0.0,USA,CALIFORNIA:  SOUTHERN,34.284,-119.795,10.0,5.8,333287557,0.0,0.0,65.0,15000000.0,0.0,0.0
1979-02-28 21:27:00,2111.0,0.0,USA,ALASKA,60.691,-141.671,18.0,7.5,333287557,0.0,0.0,0.0,0.0,0.0,0.0
1979-10-15 23:16:00,0.0,0.0,USA,CALIFORNIA:  IMPERIAL VALLEY; MEXICO: MEXICALI,32.634,-115.324,10.0,6.9,333287557,0.0,0.0,91.0,30000000.0,2.0,1565.0
1980-01-24 19:00:00,0.0,0.0,USA,CALIFORNIA:  LIVERMORE,37.855,-121.816,11.0,5.9,333287557,0.0,0.0,50.0,11500000.0,0.0,0.0
1980-05-18 15:32:00,3018.0,3314.0,USA,WASHINGTON:  MT ST HELENS,46.214,-122.194,4.0,5.2,333287557,61.0,0.0,0.0,2000000000.0,0.0,0.0
1980-05-25 16:33:00,0.0,0.0,USA,CALIFORNIA:  MAMMOTH LAKES,37.6,-118.84,7.0,6.1,333287557,0.0,0.0,7.0,2000000.0,0.0,0.0
1980-07-27 18:52:00,0.0,0.0,USA,KENTUCKY:  MAYSVILLE,38.174,-83.907,8.0,5.1,333287557,0.0,0.0,2.0,1000000.0,0.0,0.0
1980-11-08 10:27:00,0.0,0.0,USA,CALIFORNIA:  NORTH COAST,41.117,-124.253,19.0,7.2,333287557,0.0,0.0,6.0,2000000.0,0.0,0.0
1981-04-26 12:09:00,0.0,0.0,USA,"CALIFORNIA:  WESTMORLAND,CALIPATRIA",33.133,-115.65,6.0,6.0,333287557,0.0,0.0,0.0,1500000.0,0.0,0.0
1983-05-02 23:42:00,0.0,0.0,USA,"CALIFORNIA:  CENTRAL, COALINGA",36.219,-120.317,10.0,6.2,333287557,0.0,0.0,45.0,31000000.0,500.0,0.0
1983-07-12 15:10:00,0.0,0.0,USA,ALASKA:  PRINCE WILLIAM SOUND,61.031,-147.286,37.0,6.1,333287557,0.0,0.0,0.0,1000000.0,0.0,0.0
1983-10-28 14:06:00,0.0,0.0,USA,"IDAHO:  BORAH PEAK, CHALLIS, MACKAY",43.974,-113.916,14.0,7.3,333287557,2.0,0.0,2.0,12500000.0,0.0,0.0
1983-11-16 16:13:00,0.0,0.0,USA,HAWAII: KAPAPALA,19.43,-155.454,12.0,6.7,333287557,0.0,0.0,6.0,6500000.0,0.0,0.0
1984-04-24 21:15:00,0.0,0.0,USA,CALIFORNIA:  CENTRAL:  MORGAN HILL,37.32,-121.698,8.0,6.1,333287557,0.0,0.0,27.0,8000000.0,0.0,0.0
1984-10-18 15:30:00,0.0,0.0,USA,"WYOMING:  DOUGLAS, MEDICINE BOW",42.375,-105.72,33.0,5.1,333287557,0.0,0.0,0.0,0.0,0.0,0.0
1986-05-07 22:47:00,2164.0,0.0,USA,ALASKA:  ALEUTIAN ISLANDS:  ADAK,51.52,-174.776,19.0,8.0,333287557,0.0,0.0,0.0,0.0,0.0,0.0
1986-05-17 16:20:00,2165.0,0.0,USA,ALASKA:  ANDREANOF ISLANDS,52.327,-174.504,26.0,6.4,333287557,0.0,0.0,0.0,0.0,0.0,0.0
1986-07-08 09:20:00,0.0,0.0,USA,CALIFORNIA:  PALM SPRINGS,34.0,-116.61,12.0,6.0,333287557,0.0,0.0,29.0,4500000.0,0.0,0.0
1986-07-13 13:47:00,0.0,0.0,USA,"CALIFORNIA:  SAN DIEGO, NEWPORT BEACH",32.97,-117.869,6.0,5.8,333287557,0.0,0.0,0.0,700000.0,0.0,0.0
1986-07-21 14:42:00,0.0,0.0,USA,CALIFORNIA-NEVADA:  CHALFANT VALLEY,37.537,-118.447,9.0,6.2,333287557,0.0,0.0,0.0,1000000.0,0.0,0.0
1987-10-01 14:42:00,0.0,0.0,USA,CALIFORNIA:  WHITTIER,34.061,-118.078,10.0,5.7,333287557,8.0,0.0,200.0,358000000.0,0.0,0.0
1987-10-04 10:59:00,0.0,0.0,USA,"CALIFORNIA:  WHITTIER, PASADENA",34.07,-118.1,8.0,4.8,333287557,1.0,0.0,0.0,0.0,0.0,0.0
1987-11-17 08:46:00,2177.0,0.0,USA,ALASKA:  GULF OF ALASKA,58.586,-143.27,10.0,7.2,333287557,0.0,0.0,0.0,0.0,0.0,0.0
1987-11-24 01:54:00,0.0,0.0,USA,CALIFORNIA:  SUPERSTITION HILLS,33.082,-115.775,5.0,6.2,333287557,2.0,0.0,0.0,3000000.0,0.0,0.0
1987-11-30 19:23:00,2179.0,0.0,USA,ALASKA:  YAKUTAT,58.679,-142.786,10.0,7.9,333287557,0.0,0.0,0.0,0.0,0.0,0.0
1988-03-06 22:35:00,2181.0,0.0,USA,ALASKA:  GULF OF ALASKA:  ANCHORAGE,57.262,-142.747,15.0,7.8,333287557,0.0,0.0,0.0,0.0,0.0,0.0
1989-06-26 03:27:00,2186.0,0.0,USA,HAWAIIAN ISLANDS:  PUNA DISTRICT,19.362,-155.083,9.0,6.1,333287557,0.0,0.0,5.0,0.0,105.0,0.0
1989-09-04 13:14:00,2187.0,0.0,USA,ALASKA,55.543,-156.835,11.0,6.9,333287557,0.0,0.0,0.0,0.0,0.0,0.0
1989-10-18 00:04:00,2188.0,0.0,USA,CALIFORNIA:  LOMA PRIETA,37.036,-121.883,19.0,6.9,333287557,62.0,0.0,3757.0,5600000000.0,0.0,0.0
1990-02-28 23:43:00,0.0,0.0,USA,"CALIFORNIA:  S,  CLAREMONT,  COVINA",34.14,-117.7,5.0,5.5,333287557,0.0,0.0,30.0,12700000.0,0.0,0.0
1991-06-28 14:43:00,0.0,0.0,USA,"CALIFORNIA:  ARCADIA, GLENDALE, LOS ANGELES",34.262,-118.002,11.0,5.1,333287557,2.0,0.0,104.0,33500000.0,0.0,0.0
1991-08-17 19:29:00,0.0,0.0,USA,"CALIFORNIA:  HONEYDEW, WHITETHORN, PETROLIA",40.235,-124.348,12.0,6.2,333287557,0.0,0.0,0.0,0.0,0.0,0.0
1992-04-23 04:50:00,0.0,0.0,USA,"CALIFORNIA:  JOSHUA TREE, ANGELUS OAKS",33.961,-116.318,12.0,6.3,333287557,0.0,0.0,32.0,0.0,0.0,0.0
1992-04-25 18:06:00,2208.0,0.0,USA,"CALIFORNIA: HUMBOLDT COUNTY: FERNDALE, PETROLIA",40.368,-124.316,15.0,7.1,333287557,0.0,0.0,98.0,75000000.0,0.0,0.0
1992-06-28 11:57:00,0.0,0.0,USA,"CALIFORNIA: LANDERS, YUCCA  VALLEY",34.201,-116.436,1.0,7.6,333287557,3.0,0.0,400.0,92000000.0,0.0,0.0
1992-06-28 15:05:00,0.0,0.0,USA,"CALIFORNIA: BIG BEAR LAKE, BIG BEAR CITY",34.203,-116.827,5.0,6.7,333287557,0.0,0.0,0.0,0.0,0.0,0.0
1992-06-29 10:14:00,0.0,0.0,USA,NEVADA-CALIFORNIA BORDER:  NEVADA TEST SITE,36.705,-116.293,9.0,5.4,333287557,0.0,0.0,0.0,0.0,0.0,0.0
1993-03-25 13:34:00,0.0,0.0,USA,WASHINGTON-OREGON BORDER,45.035,-122.607,21.0,5.6,333287557,0.0,0.0,0.0,28400000.0,0.0,0.0
1993-09-21 03:28:00,0.0,0.0,USA,OREGON:  KLAMATH FALLS,42.314,-122.012,11.0,6.0,333287557,2.0,0.0,0.0,7500000.0,0.0,0.0
1994-01-16 01:49:00,0.0,0.0,USA,"PENNSYLVANIA: READING, FELT TO CANADA",40.33,-76.037,5.0,4.6,333287557,0.0,0.0,0.0,0.0,0.0,0.0
1994-01-17 12:30:00,2223.0,0.0,USA,CALIFORNIA:  NORTHRIDGE,34.213,-118.537,18.0,6.7,333287557,60.0,0.0,7000.0,40000000000.0,40000.0,0.0
1994-02-03 09:05:00,0.0,0.0,USA,WYOMING:  AFTON,42.762,-110.976,8.0,5.8,333287557,0.0,0.0,0.0,0.0,0.0,0.0
1994-09-01 15:15:00,2228.0,0.0,USA,CALIFORNIA:  NORTH:  HONEYDEW,40.402,-125.68,10.0,7.0,333287557,0.0,0.0,0.0,0.0,0.0,0.0
1994-12-26 14:10:00,0.0,0.0,USA,"CALIFORNIA:  EUREKA, SAMOA, ARCATA, BLUE LAKE",40.741,-124.31,23.0,5.5,333287557,0.0,0.0,0.0,2100000.0,0.0,0.0
1995-10-06 05:23:00,0.0,0.0,USA,ALASKA:  FAIRBANKS NORTH STAR COUNTY,65.17,-148.565,9.0,6.0,333287557,0.0,0.0,0.0,0.0,0.0,0.0
1996-06-10 04:03:00,2263.0,0.0,USA,ALASKA:  ANDREANOF ISLANDS,51.564,-177.632,33.0,7.9,333287557,0.0,0.0,0.0,0.0,0.0,0.0
1996-06-10 15:24:00,2264.0,0.0,USA,ALASKA:  ANDREANOF ISLANDS,51.478,-176.847,24.0,7.3,333287557,0.0,0.0,0.0,0.0,0.0,0.0
1999-10-16 09:46:00,0.0,0.0,USA,"CALIFORNIA:  LUDLOW, LANDERS, TWENTYNINE PALMS",34.594,-116.271,0.0,7.2,333287557,0.0,0.0,4.0,0.0,0.0,0.0
2000-09-03 08:36:00,0.0,0.0,USA,CALIFORNIA:  NAPA,38.379,-122.413,10.0,5.0,333287557,0.0,0.0,41.0,50000000.0,0.0,0.0
2001-02-28 18:54:00,0.0,0.0,USA,"WASHINGTON:  OLYMPIA, SEATTLE, TACOMA",47.149,-122.727,52.0,6.8,333287557,1.0,0.0,400.0,2000000000.0,0.0,0.0
2001-09-09 23:59:00,0.0,0.0,USA,CALIFORNIA:  LOS ANGELES,34.059,-118.387,5.0,4.2,333287557,0.0,0.0,0.0,0.0,0.0,0.0
2002-04-20 10:50:00,0.0,0.0,USA,"NEW YORK:  CLINTON, ESSEX, AU SABLE FORKS",44.513,-73.699,11.0,5.2,333287557,0.0,0.0,0.0,0.0,0.0,0.0
2002-10-23 11:27:00,0.0,0.0,USA,"ALASKA:  CANTWELL, DENALI NATL PARK",63.514,-147.912,4.0,6.7,333287557,0.0,0.0,0.0,0.0,0.0,0.0
2002-11-03 22:12:00,0.0,0.0,USA,"ALASKA:  SLANA, MENTASTA LAKE, FAIRBANKS",63.517,-147.444,5.0,7.9,333287557,0.0,0.0,1.0,56000000.0,0.0,0.0
2003-02-22 12:19:00,0.0,0.0,USA,CALIFORNIA:  BIG BEAR CITY,34.31,-116.848,1.0,5.2,333287557,0.0,0.0,0.0,0.0,0.0,0.0
2003-04-29 08:59:00,0.0,0.0,USA,"ALABAMA:  FORT PAYNE,GAYLESVILLE,VALLEY HEAD",34.494,-85.629,20.0,4.6,333287557,0.0,0.0,0.0,0.0,0.0,0.0
2003-06-06 12:29:00,0.0,0.0,USA,KENTUCKY:  BARDWELL,36.87,-88.98,3.0,4.0,333287557,0.0,0.0,0.0,0.0,0.0,0.0
2003-11-17 06:43:00,2429.0,0.0,USA,ALASKA:  ALEUTIAN ISLANDS:  RAT ISLANDS,51.146,178.65,33.0,7.8,333287557,0.0,0.0,0.0,0.0,0.0,0.0
2003-12-22 19:15:00,0.0,0.0,USA,"CALIFORNIA:  PASO ROBLES,TEMPLETON,ATASCADERO",35.706,-121.102,8.0,6.6,333287557,2.0,0.0,40.0,300000000.0,0.0,0.0
2004-09-28 17:15:00,0.0,0.0,USA,"CALIFORNIA:  CENTRAL: PARKFIELD, SAN MIGUEL",35.819,-120.364,9.0,6.0,333287557,0.0,0.0,0.0,0.0,0.0,0.0
2005-06-15 02:50:00,2547.0,0.0,USA,CALIFORNIA:  OFF COAST NORTHERN,41.301,-125.97,10.0,7.2,333287557,0.0,0.0,0.0,0.0,0.0,0.0
2005-07-26 04:08:00,0.0,0.0,USA,"MONTANA:  DILLON, SILVER STAR, TWIN BRIDGES",45.365,-112.615,13.0,5.6,333287557,0.0,0.0,0.0,0.0,0.0,0.0
2006-10-15 17:07:00,3017.0,0.0,USA,HAWAIIAN ISLANDS,19.878,-155.935,39.0,6.7,333287557,0.0,0.0,0.0,73000000.0,0.0,0.0
2007-05-08 15:46:00,0.0,0.0,USA,MONTANA:  SHERIDAN,45.394,-112.13,14.0,4.5,333287557,0.0,0.0,0.0,0.0,0.0,0.0
2007-07-20 11:42:00,0.0,0.0,USA,CALIFORNIA:  MONTCLAIR,37.804,-122.193,5.0,4.2,333287557,0.0,0.0,0.0,0.0,0.0,0.0
2007-08-02 03:21:00,3156.0,0.0,USA,ALASKA:  ALEUTIAN ISLANDS,51.307,-179.971,21.0,6.7,333287557,0.0,0.0,0.0,0.0,0.0,0.0
2007-08-06 08:48:00,0.0,0.0,USA,UTAH:  HUNTINGTON,39.465,-111.237,2.0,4.2,333287557,9.0,0.0,0.0,0.0,0.0,0.0
2007-08-17 00:38:00,0.0,0.0,USA,UTAH,39.464,-111.207,0.0,1.6,333287557,3.0,0.0,6.0,0.0,0.0,0.0
2007-10-31 03:04:00,0.0,0.0,USA,CALIFORNIA:  SAN JOSE,37.434,-121.774,10.0,5.6,333287557,0.0,0.0,0.0,0.0,0.0,0.0
2008-02-21 14:16:00,0.0,0.0,USA,NEVADA:  WELLS,41.153,-114.867,7.0,6.0,333287557,0.0,0.0,3.0,0.0,0.0,720.0
2008-04-18 09:36:00,0.0,0.0,USA,ILLINOIS:  WEST SALEM,38.452,-87.886,14.0,5.3,333287557,0.0,0.0,0.0,0.0,0.0,0.0
2008-04-26 06:40:00,0.0,0.0,USA,NEVADA:  FALLON,39.52,-119.93,1.0,5.0,333287557,0.0,0.0,0.0,0.0,0.0,0.0
2008-07-29 18:42:00,0.0,0.0,USA,CALIFORNIA:  LOS ANGELES,33.953,-117.761,15.0,5.4,333287557,0.0,0.0,8.0,0.0,0.0,0.0
2010-01-10 00:27:00,0.0,0.0,USA,CALIFORNIA:  OFF COAST NORTHERN,40.652,-124.692,29.0,6.5,333287557,0.0,0.0,30.0,21800000.0,0.0,0.0
2010-06-15 04:26:00,0.0,0.0,USA,CALIFORNIA:  OCOTILLO,32.7,-115.921,5.0,5.8,333287557,0.0,0.0,0.0,0.0,0.0,0.0
2010-12-19 05:05:00,0.0,0.0,USA,OKLAHOMA:  LUTHER,35.827,-96.772,5.0,3.7,333287557,0.0,0.0,0.0,0.0,0.0,0.0
2011-02-17 22:47:00,0.0,0.0,USA,COLORADO:  PAONIA,38.947,-107.497,1.0,3.1,333287557,0.0,0.0,0.0,0.0,0.0,0.0
2011-06-24 03:09:00,5432.0,0.0,USA,ALASKA: ALEUTIAN ISLANDS: FOX ISLANDS,52.05,-171.836,52.0,7.3,333287557,0.0,0.0,0.0,0.0,0.0,0.0
2011-08-23 05:46:00,0.0,0.0,USA,COLORADO:  SEGUNDO,37.063,-104.701,4.0,5.4,333287557,0.0,0.0,0.0,0.0,0.0,0.0
2011-08-23 17:51:00,0.0,0.0,USA,"VIRGINIA:  LOUISA COUNTY, MARYLAND, WASHINGTON D.C.",37.936,-77.933,6.0,5.8,333287557,0.0,0.0,0.0,200000000.0,0.0,600.0
2011-09-02 10:55:00,5438.0,0.0,USA,ALASKA:  ALEUTIAN ISLANDS:  FOX ISLANDS,52.171,-171.708,32.0,6.8,333287557,0.0,0.0,0.0,0.0,0.0,0.0
2011-11-06 03:53:00,0.0,0.0,USA,OKLAHOMA:  SPARKS,35.532,-96.765,5.0,5.7,333287557,0.0,0.0,2.0,0.0,14.0,0.0
2011-11-08 02:46:00,0.0,0.0,USA,"OKLAHOMA:  SPARKS, PRAGUE",35.531,-96.788,5.0,5.0,333287557,0.0,0.0,0.0,0.0,0.0,0.0
2013-01-05 08:58:00,5472.0,0.0,USA,ALASKA:  SOUTHEASTERN,55.393,-134.652,10.0,7.5,333287557,0.0,0.0,0.0,0.0,0.0,0.0
2013-04-18 00:50:00,0.0,0.0,USA,TEXAS:  WEST,31.817,-97.088,0.0,2.1,333287557,14.0,0.0,200.0,100000000.0,50.0,0.0
2014-02-09 02:16:00,0.0,0.0,USA,OKLAHOMA:  GUTHRIE,35.893,-97.292,5.0,4.1,333287557,0.0,0.0,0.0,0.0,0.0,0.0
2014-03-29 04:09:00,0.0,0.0,USA,"CALIFORNIA:  LA HABRA, BREA, FULLERTON",33.933,-117.916,5.0,5.1,333287557,0.0,0.0,0.0,10800000.0,0.0,20.0
2014-06-23 20:53:00,5571.0,0.0,USA,ALASKA:  ALEUTIAN ISLANDS,51.849,178.735,109.0,7.9,333287557,0.0,0.0,0.0,0.0,0.0,0.0
2014-07-15 09:08:00,0.0,0.0,USA,OKLAHOMA:  HARRAH,35.524,-97.159,6.0,3.9,333287557,0.0,0.0,0.0,0.0,0.0,0.0
2014-07-25 10:54:00,5575.0,0.0,USA,ALASKA:  SOUTHEASTERN,58.335,-136.971,10.0,6.0,333287557,0.0,0.0,0.0,0.0,0.0,0.0
2014-08-24 10:20:00,0.0,0.0,USA,"CALIFORNIA:  NAPA, VALLEJO",38.215,-122.312,11.0,6.0,333287557,1.0,0.0,257.0,700000000.0,160.0,1034.0
2015-07-27 04:49:00,5591.0,0.0,USA,ALASKA,52.214,-169.399,23.0,6.9,333287557,0.0,0.0,0.0,0.0,0.0,0.0
2016-01-24 10:30:00,0.0,0.0,USA,ALASKA:  KENAI,59.658,-153.452,126.0,7.1,333287557,0.0,0.0,0.0,0.0,4.0,0.0
2016-11-07 01:44:00,0.0,0.0,USA,OKLAHOMA:  CUSHING,35.988,-96.805,3.0,5.0,333287557,0.0,0.0,0.0,20000000.0,0.0,50.0
2018-01-23 09:32:00,5673.0,0.0,USA,ALASKA:  KODIAK ISLAND,56.004,-149.166,14.0,7.9,333287557,0.0,0.0,0.0,0.0,0.0,0.0
2018-03-04 23:18:00,0.0,0.0,USA,"OKLAHOMA: BRECKENRIDGE, ENID",36.473,-97.722,5.0,4.2,333287557,0.0,0.0,0.0,0.0,0.0,0.0
2018-05-04 22:32:00,5678.0,6864.0,USA,HAWAIIAN ISLANDS: PUNA DISTRICT,19.313,-154.998,2.0,6.9,333287557,0.0,0.0,1.0,370000000.0,716.0,0.0
2018-11-30 17:29:00,0.0,0.0,USA,ALASKA:  ANCHORAGE,61.316,-149.925,54.0,7.0,333287557,0.0,0.0,117.0,150000000.0,2.0,1650.0
2019-07-04 17:33:00,0.0,0.0,USA,CALIFORNIA:  RIDGECREST;  NEVADA,35.705,-117.506,11.0,6.4,333287557,1.0,0.0,0.0,0.0,0.0,0.0
2019-07-06 03:19:00,0.0,0.0,USA,CALIFORNIA:  RIDGECREST,35.766,-117.605,8.0,7.1,333287557,0.0,0.0,0.0,5300000000.0,101.0,287.0
2020-03-18 13:09:00,0.0,0.0,USA,UTAH,40.751,-112.078,12.0,5.7,333287557,0.0,0.0,0.0,100000000.0,0.0,0.0
2020-07-22 06:12:00,5753.0,0.0,USA,ALASKA,55.03,-158.522,28.0,7.8,333287557,0.0,0.0,0.0,0.0,0.0,0.0
2020-08-09 12:07:00,0.0,0.0,USA,NORTH CAROLINA:  SPARTA,36.476,-81.094,8.0,5.1,333287557,0.0,0.0,0.0,0.0,60.0,465.0
2020-10-19 20:54:00,5755.0,0.0,USA,ALASKA,54.608,-159.655,33.0,7.6,333287557,0.0,0.0,0.0,0.0,0.0,0.0
2021-07-29 06:15:00,5799.0,0.0,USA,ALASKA PENINSULA,55.325,-157.841,32.0,8.2,333287557,0.0,0.0,0.0,0.0,0.0,0.0
2022-12-20 10:34:00,0.0,0.0,USA,CALIFORNIA:  HUMBOLDT COUNTY,40.525,-124.423,17.0,6.4,333287557,2.0,0.0,17.0,250000000.0,150.0,0.0
1811-12-16 08:15:00,0.0,0.0,CHILE,CHILE:  COPIAPO,-27.4,-70.3,0.0,8.0,19603733,0.0,0.0,0.0,0.0,0.0,0.0
1811-12-16 13:15:00,0.0,0.0,CHILE,CHILE:  COPIAPO,-27.4,-70.3,0.0,8.0,19603733,0.0,0.0,0.0,0.0,0.0,0.0
1812-02-07 09:45:00,641.0,0.0,CHILE,"CHILE:  VALPARAISO, QUILLOTA, CONCON,  ACONCAGUA",-33.0,-72.0,0.0,8.5,19603733,72.0,0.0,200.0,0.0,0.0,0.0
1836-06-10 15:30:00,697.0,0.0,CHILE,CHILE:  COBIJA,-22.6,-70.3,0.0,7.5,19603733,0.0,0.0,0.0,0.0,0.0,0.0
1851-05-15 16:10:00,0.0,0.0,CHILE,CHILE,-18.5,-70.4,0.0,0.0,19603733,0.0,0.0,0.0,0.0,0.0,0.0
1851-11-13 02:51:00,0.0,0.0,CHILE,CHILE:  COIAPO,-27.35,-70.35,0.0,0.0,19603733,0.0,0.0,0.0,0.0,0.0,0.0
1852-11-25 07:09:00,0.0,0.0,CHILE,CHILE,-32.45,-71.27,0.0,0.0,19603733,0.0,0.0,0.0,0.0,0.0,0.0
1854-01-27 18:10:00,756.0,0.0,CHILE,CHILE:  COQUIMBO,-31.61,-71.18,0.0,0.0,19603733,0.0,0.0,0.0,0.0,0.0,0.0
1854-05-31 12:59:00,772.0,0.0,CHILE,CHILE:  COQUIMBO,-29.95,-71.37,0.0,7.5,19603733,0.0,0.0,0.0,0.0,0.0,0.0
1854-10-22 03:35:00,777.0,0.0,CHILE,CHILE:  VALPARAISO,-33.32,-71.42,0.0,7.1,19603733,0.0,0.0,0.0,0.0,0.0,0.0
1855-03-20 00:30:00,783.0,0.0,CHILE,CHILE:  COPIAPO,-27.35,-70.35,0.0,7.2,19603733,0.0,0.0,0.0,0.0,0.0,0.0
1855-07-11 04:15:00,847.0,0.0,CHILE,CHILE:  VALPARAISO,-33.0,-71.7,0.0,0.0,19603733,0.0,0.0,0.0,0.0,0.0,0.0
1855-10-22 03:45:00,875.0,0.0,CHILE,CHILE:  LA SERENA,-30.0,-71.4,0.0,6.5,19603733,0.0,0.0,0.0,0.0,0.0,0.0
1856-02-15 13:25:00,888.0,0.0,CHILE,CHILE,-27.35,-70.35,0.0,7.6,19603733,10.0,0.0,0.0,0.0,339.0,0.0
1857-01-09 10:13:00,983.0,0.0,CHILE,CHILE:  ARICA,-18.6,-71.0,25.0,8.5,19603733,25000.0,0.0,0.0,300000000.0,0.0,0.0
1858-11-26 08:35:00,5484.0,0.0,CHILE,CHILE:  ARICA,-18.6,-71.0,0.0,8.5,19603733,0.0,0.0,0.0,0.0,0.0,0.0
1861-07-04 00:11:00,992.0,0.0,CHILE,CHILE:  CENTRAL,-33.1,-71.7,0.0,0.0,19603733,0.0,0.0,0.0,0.0,0.0,0.0
1865-10-01 17:15:00,3040.0,0.0,CHILE,"CHILE:  IQUIQUE, PISAGUA",-19.6,-70.2,0.0,0.0,19603733,0.0,0.0,0.0,0.0,0.0,0.0
1865-10-08 20:46:00,1004.0,0.0,CHILE,CHILE:  COQUIMBO,-30.0,-71.4,0.0,0.0,19603733,0.0,0.0,0.0,0.0,0.0,0.0
1866-09-05 13:00:00,5408.0,0.0,CHILE,CHILE:  IQUIQUE,-21.0,-70.0,0.0,6.8,19603733,0.0,0.0,0.0,0.0,0.0,0.0
1868-04-03 02:24:00,1010.0,0.0,CHILE,"CHILE:  IQUIQUE, PICA; PERU:  TACNA",-19.6,-70.23,30.0,7.5,19603733,0.0,0.0,0.0,0.0,0.0,0.0
1868-10-21 15:53:00,1023.0,0.0,CHILE,CHILE:  CENTRAL,-35.0,-72.5,0.0,7.5,19603733,0.0,0.0,0.0,0.0,0.0,0.0
1869-02-10 11:50:00,1024.0,0.0,CHILE,CHILE:  VALPARAISO,-33.1,-71.7,0.0,0.0,19603733,0.0,0.0,0.0,0.0,0.0,0.0
1869-02-13 11:30:00,1029.0,0.0,CHILE,CHILE,-20.2,-70.2,0.0,7.3,19603733,0.0,0.0,0.0,0.0,101.0,0.0
1871-02-20 08:41:00,1031.0,0.0,CHILE,CHILE:  PUERTO MONTT,-41.5,-73.0,0.0,0.0,19603733,0.0,0.0,0.0,0.0,0.0,0.0
1871-03-02 21:05:00,1052.0,0.0,CHILE,"CHILE:  LIGUA, QUILLOLTA",-32.3,-71.16,0.0,0.0,19603733,0.0,0.0,0.0,0.0,0.0,0.0
1871-06-18 00:00:00,1053.0,0.0,CHILE,CHILE:  ANTOFAGASTA,-23.6,-70.4,0.0,0.0,19603733,0.0,0.0,0.0,0.0,0.0,0.0
1872-03-26 10:30:00,1075.0,0.0,CHILE,CHILE:  OFF NORTH COAST,-21.5,-70.5,40.0,8.3,19603733,2385.0,0.0,0.0,0.0,0.0,0.0
1872-08-23 18:06:00,1079.0,0.0,CHILE,CHILE:  NORTHERN:  HUANILLOS,-21.2,-70.1,0.0,0.0,19603733,0.0,0.0,0.0,0.0,0.0,0.0
1873-11-23 05:09:00,1081.0,0.0,CHILE,CHILE:  IQUIQUE,-20.2,-70.1,0.0,0.0,19603733,0.0,0.0,0.0,0.0,0.0,0.0
1879-08-10 21:07:00,1099.0,0.0,CHILE,CHILE:  NORTHERN,-20.2,-70.1,0.0,0.0,19603733,0.0,0.0,0.0,0.0,0.0,0.0
1880-09-29 04:00:00,1100.0,0.0,CHILE,CHILE:  NORTHERN,-20.2,-70.1,0.0,0.0,19603733,0.0,0.0,0.0,0.0,0.0,0.0
1880-10-26 22:20:00,1105.0,0.0,CHILE,CHILE:  NORTHERN,-23.7,-70.4,0.0,0.0,19603733,0.0,0.0,0.0,0.0,0.0,0.0
1884-08-10 19:07:00,1118.0,0.0,CHILE,CHILE:  ILLAPEL,-31.62,-71.18,0.0,7.7,19603733,2.0,0.0,0.0,0.0,600.0,0.0
1886-09-01 02:51:00,1126.0,0.0,CHILE,CHILE:  NORTHERN,-19.6,-70.2,0.0,0.0,19603733,0.0,0.0,0.0,0.0,0.0,0.0
1891-11-29 23:21:00,1131.0,0.0,CHILE,CHILE:  NORTHERN,-33.58,-71.63,0.0,0.0,19603733,0.0,0.0,0.0,0.0,0.0,0.0
1892-04-19 10:50:00,1134.0,0.0,CHILE,CHILE:  PISAGUA,-19.6,-70.2,0.0,0.0,19603733,0.0,0.0,0.0,0.0,0.0,0.0
1892-04-21 17:43:00,1156.0,0.0,CHILE,CHILE:  IQUIQUE,-20.2,-70.1,0.0,0.0,19603733,0.0,0.0,0.0,0.0,0.0,0.0
1895-09-01 11:09:00,5615.0,0.0,CHILE,CHILE:  ARICA,-18.5,-70.35,0.0,0.0,19603733,0.0,0.0,0.0,0.0,0.0,0.0
1895-10-31 11:08:00,5628.0,0.0,CHILE,CHILE:  NORTHERN,-18.0,-71.0,0.0,0.0,19603733,0.0,0.0,0.0,0.0,0.0,0.0
1898-03-31 07:43:00,0.0,0.0,CHILE,"CHILE:  LIMACHE, ALMENDRAL",-33.0,-71.0,0.0,0.0,19603733,0.0,0.0,0.0,0.0,0.0,0.0
1898-06-29 18:36:00,1299.0,0.0,CHILE,CHILE:  IQUIQUE,-20.2,-70.15,0.0,0.0,19603733,0.0,0.0,0.0,0.0,0.0,0.0
1899-09-04 00:22:00,1307.0,0.0,CHILE,"CHILE:  VALLENAR, FREIRINA",-28.5,-71.0,0.0,6.5,19603733,0.0,0.0,0.0,0.0,0.0,0.0
1899-09-10 17:04:00,1334.0,0.0,CHILE,CHILE:  ARICA; PERU: TACNA,-18.5,-70.3,33.0,0.0,19603733,0.0,0.0,0.0,0.0,0.0,0.0
1899-09-10 21:41:00,1339.0,0.0,CHILE,CHILE:  SOUTH CENTRAL,-33.0,-72.0,25.0,8.2,19603733,4000.0,0.0,0.0,100000000.0,0.0,0.0
1899-12-25 12:25:00,1379.0,0.0,CHILE,CHILE,-26.5,-70.5,0.0,7.6,19603733,0.0,0.0,0.0,0.0,0.0,0.0
1900-08-11 04:40:00,1398.0,0.0,CHILE,CHILE:  NORTHERN,-20.0,-72.0,0.0,7.3,19603733,0.0,0.0,0.0,0.0,0.0,0.0
1900-10-09 12:25:00,0.0,0.0,CHILE,CHILE:  OFF CENTRAL COAST,-35.0,-73.0,33.0,7.6,19603733,0.0,0.0,0.0,0.0,0.0,0.0
1901-03-03 07:45:00,1453.0,0.0,CHILE,CHILE:  NORTHERN,-28.5,-71.5,80.0,7.9,19603733,0.0,0.0,0.0,0.0,0.0,0.0
1901-12-31 09:02:00,1461.0,0.0,CHILE,CHILE:  COPIAPO,-26.0,-71.0,0.0,7.8,19603733,0.0,0.0,0.0,0.0,0.0,0.0
1902-01-01 05:20:00,1485.0,0.0,CHILE,CHILE:  OFF COAST CENTRAL,-38.0,-73.5,15.0,7.0,19603733,0.0,0.0,0.0,0.0,0.0,0.0
1902-04-29 06:57:00,1504.0,0.0,CHILE,CHILE:  NORTHERN,-28.0,-72.0,33.0,0.0,19603733,0.0,0.0,0.0,0.0,0.0,0.0
1902-11-17 19:50:00,1505.0,0.0,CHILE,CHILE:  ATACAMA,-28.293,-69.852,70.0,8.5,19603733,700.0,0.0,0.0,0.0,0.0,0.0
1903-06-02 13:17:00,1518.0,0.0,CHILE,CHILE:  VALLENAR,-28.75,-71.75,60.0,7.0,19603733,0.0,0.0,0.0,0.0,0.0,0.0
1904-08-27 21:56:00,1524.0,0.0,CHILE,CHILE:  NORTHERN,-18.5,-70.3,33.0,0.0,19603733,0.0,0.0,0.0,0.0,0.0,0.0
1905-02-14 08:46:00,1555.0,0.0,CHILE,CHILE:  NORTHERN,-26.0,-71.5,50.0,7.1,19603733,0.0,0.0,0.0,0.0,0.0,0.0
1906-04-18 13:12:00,1573.0,0.0,CHILE,CHILE:  VALLENAR,-28.0,-71.0,33.0,6.0,19603733,0.0,0.0,0.0,0.0,0.0,0.0
1906-08-17 00:11:00,1586.0,0.0,CHILE,CHILE:  SOUTHERN,-44.6,-73.0,33.0,7.1,19603733,0.0,0.0,0.0,0.0,0.0,0.0
1906-12-23 17:22:00,1608.0,0.0,CHILE,CHILE:  NORTHERN,-22.5,-70.5,33.0,7.1,19603733,0.0,0.0,0.0,0.0,0.0,0.0
1907-09-02 16:01:00,1609.0,0.0,CHILE,"CHILE:  TALCA, CHILLAN, SANTIAGO, SAN FERNANDO",-35.0,-72.0,25.0,7.6,19603733,279.0,0.0,0.0,0.0,0.0,0.0
1907-09-24 12:59:00,0.0,0.0,CHILE,CHILE,-23.0,-69.0,100.0,7.5,19603733,0.0,0.0,0.0,0.0,0.0,0.0
1908-02-14 11:25:00,1634.0,0.0,CHILE,CHILE:  NORTHERN,-28.5,-71.0,0.0,6.0,19603733,0.0,0.0,0.0,0.0,0.0,0.0
1908-09-21 06:31:00,1640.0,0.0,CHILE,CHILE:  CENTRAL,-32.5,-72.0,33.0,7.1,19603733,0.0,0.0,0.0,0.0,0.0,0.0
1909-04-10 19:36:00,1659.0,0.0,CHILE,CHILE,-20.0,-71.0,40.0,7.6,19603733,0.0,0.0,0.0,0.0,0.0,0.0
1909-10-06 02:41:00,0.0,0.0,CHILE,CHILE,-22.0,-70.5,70.0,5.5,19603733,0.0,0.0,0.0,0.0,0.0,0.0
1911-09-22 05:01:00,1676.0,0.0,CHILE,"CHILE:  IQUIQUE, PISAGUA, SAPIGA, NEGRERO",-19.5,-69.5,130.0,6.9,19603733,0.0,0.0,0.0,0.0,0.0,0.0
1912-11-07 07:40:00,1691.0,0.0,CHILE,CHILE:  TALTAL,-24.5,-70.0,60.0,7.3,19603733,1.0,0.0,40.0,0.0,0.0,0.0
1915-06-23 04:56:00,1729.0,0.0,CHILE,CHILE:  CHILLAN,-36.25,-72.25,60.0,8.3,19603733,30000.0,0.0,0.0,920000000.0,0.0,0.0
1915-10-03 06:52:00,1732.0,0.0,CHILE,CHILE:  NORTH CENTRAL,-27.0,-70.5,100.0,7.4,19603733,0.0,0.0,0.0,0.0,0.0,0.0
1916-02-06 21:51:00,1742.0,0.0,CHILE,CHILE:  NORTHERN,-22.0,-71.0,75.0,7.3,19603733,0.0,0.0,0.0,0.0,0.0,0.0
1916-04-18 04:01:00,1743.0,0.0,CHILE,CHILE:  SOUTH CENTRAL,-41.5,-74.5,33.0,7.0,19603733,0.0,0.0,0.0,0.0,0.0,0.0
1917-05-31 08:47:00,1752.0,0.0,CHILE,CHILE:  ILLAPEL,-30.75,-72.0,35.0,8.2,19603733,11.0,0.0,0.0,0.0,0.0,0.0
1918-04-21 22:32:00,1764.0,0.0,CHILE,CHILE:  NORTHERN,-26.5,-70.5,60.0,7.9,19603733,2.0,0.0,0.0,0.0,0.0,0.0
1921-09-29 14:12:00,1786.0,0.0,CHILE,CHILE:  ANTOFAGASTA,-22.5,-69.0,100.0,7.0,19603733,0.0,0.0,0.0,0.0,0.0,0.0
1922-01-31 13:17:00,1792.0,0.0,CHILE,"CHILE:  ANGOL, TRAIGUEN",-38.0,-73.5,70.0,7.3,19603733,57.0,0.0,0.0,0.0,0.0,0.0
1923-01-22 09:04:00,5202.0,0.0,CHILE,CHILE:  TIERRA DEL FUEGO,-54.0,-71.0,33.0,7.8,19603733,1.0,0.0,0.0,0.0,0.0,0.0
1925-02-23 23:54:00,1801.0,0.0,CHILE,CHILE:  TIERRA DEL FUEGO,-54.0,-71.0,33.0,7.8,19603733,3.0,0.0,0.0,0.0,0.0,0.0
1925-06-28 01:21:00,1803.0,0.0,CHILE,CHILE:  SOUTHERN,-53.5,-71.5,33.0,7.0,19603733,0.0,0.0,0.0,0.0,0.0,0.0
1925-06-29 14:42:00,0.0,0.0,CHILE,CHILE-ARGENTINA,-23.5,-67.5,100.0,8.0,19603733,1.0,0.0,0.0,0.0,0.0,0.0
1926-03-20 09:03:00,1836.0,0.0,CHILE,"CHILE:  CHILLAN, CONCEPCION",-36.5,-72.5,60.0,7.6,19603733,9.0,0.0,26.0,500000000.0,0.0,0.0
1927-01-01 08:16:00,0.0,0.0,CHILE,CHILE:  NORTHERN,-22.1,-68.7,128.0,7.4,19603733,0.0,0.0,0.0,0.0,0.0,0.0
1927-10-24 15:59:00,1849.0,0.0,CHILE,CHILE,-30.0,-72.0,30.0,7.1,19603733,1.0,0.0,0.0,0.0,0.0,0.0
1927-11-04 13:50:00,1854.0,0.0,CHILE,CHILE,-19.0,-70.0,0.0,7.1,19603733,0.0,0.0,0.0,0.0,0.0,0.0
1929-03-07 01:34:00,1865.0,0.0,CHILE,CHILE:  ANTOFAGASTA,-25.5,-71.0,33.0,0.0,19603733,0.0,0.0,0.0,0.0,0.0,0.0
1929-08-12 11:24:00,1871.0,0.0,CHILE,CHILE:  ANTOFAGASTA,-23.5,-71.5,33.0,7.0,19603733,0.0,0.0,0.0,0.0,0.0,0.0
1929-12-17 10:58:00,0.0,0.0,CHILE,CHILE-ARGENTINA,-33.785,-70.112,0.0,6.8,19603733,0.0,0.0,0.0,0.0,0.0,0.0
1930-08-31 00:40:00,1901.0,0.0,CHILE,CHILE:  CENTRAL,-37.872,-73.243,35.0,8.2,19603733,0.0,0.0,0.0,0.0,0.0,0.0
1932-06-06 08:44:00,1902.0,4153.0,CHILE,"CHILE:  PUERTO MONTT, VALDIVIA",-38.143,-73.407,33.0,9.5,19603733,2226.0,0.0,3000.0,1000000000.0,58622.0,0.0
1933-03-11 01:54:00,0.0,0.0,CHILE,CHILE:  CENTRAL,-37.8,-72.5,45.0,7.3,19603733,0.0,0.0,0.0,0.0,0.0,0.0
1934-03-12 15:05:00,1965.0,0.0,CHILE,CHILE:  NORTHERN,-25.67,-70.63,36.0,7.0,19603733,0.0,0.0,0.0,0.0,0.0,0.0
1935-10-19 04:48:00,0.0,0.0,CHILE,CHILE:  CENTRAL,-32.4,-71.2,61.0,7.3,19603733,0.0,0.0,0.0,0.0,0.0,0.0
1935-10-31 18:37:00,1979.0,0.0,CHILE,CHILE:  SOUTHERN,-42.9,-75.13,28.0,6.5,19603733,0.0,0.0,0.0,0.0,0.0,0.0
1938-11-10 20:18:00,1984.0,0.0,CHILE,"CHILE:  TALTAL, CATALINA",-25.5,-70.7,47.0,7.8,19603733,3.0,0.0,6.0,400000.0,0.0,0.0
1940-05-19 04:36:00,1991.0,0.0,CHILE,CHILE:  NORTHERN,-28.78,-71.19,35.0,5.9,19603733,0.0,0.0,0.0,0.0,0.0,0.0
1940-07-14 05:52:00,1994.0,0.0,CHILE,CHILE:  NORTHERN,-21.7,-69.5,33.0,7.5,19603733,1.0,0.0,0.0,0.0,0.0,0.0
1941-02-09 09:44:00,2022.0,0.0,CHILE,CHILE:  SOUTHERN,-52.0,-73.8,10.0,6.0,19603733,0.0,0.0,0.0,0.0,0.0,0.0
1944-09-05 04:38:00,2023.0,0.0,CHILE,CHILE:  NORTHERN,-22.28,-70.55,44.0,6.4,19603733,0.0,0.0,0.0,0.0,0.0,0.0
1946-04-01 12:29:00,2030.0,0.0,CHILE,CHILE:  NORTHERN,-20.94,-69.81,33.0,6.0,19603733,0.0,0.0,0.0,0.0,0.0,0.0
1946-11-01 11:14:00,0.0,0.0,CHILE,"CHILE:  CATALINA, ANTOFAGASTA",-25.5,-69.2,93.0,6.3,19603733,1.0,0.0,0.0,0.0,0.0,0.0
1947-04-10 15:58:00,2033.0,0.0,CHILE,CHILE:  CENTRAL,-32.5,-71.2,58.0,7.8,19603733,83.0,0.0,447.0,236400000.0,0.0,0.0
1948-05-14 22:31:00,2048.0,0.0,CHILE,CHILE:  CENTRAL,-30.5,-71.8,39.0,6.6,19603733,0.0,0.0,0.0,0.0,0.0,0.0
1949-04-13 19:55:00,2057.0,0.0,CHILE,CHILE:  CENTRAL,-30.6,-71.0,60.0,5.4,19603733,0.0,0.0,0.0,0.0,0.0,0.0
1949-11-17 01:19:00,2062.0,0.0,CHILE,"CHILE:  VALPARAISO, LA LIGUA, SANTIAGO",-32.5,-71.5,14.0,6.7,19603733,0.0,0.0,0.0,0.0,0.0,0.0
1951-08-15 07:23:00,2066.0,0.0,CHILE,"CHILE:  LA UNION, VALDIVIA",-38.5,-73.4,36.0,7.1,19603733,0.0,0.0,0.0,0.0,0.0,0.0
1951-08-21 10:57:00,2074.0,0.0,CHILE,"CHILE:  COQUIMBO, LA SERENA",-29.9,-71.3,4.0,6.9,19603733,2.0,0.0,25.0,0.0,0.0,0.0
1952-03-17 03:58:00,0.0,0.0,CHILE,CHILE:  CENTRAL,-38.18,-73.23,6.0,7.7,19603733,0.0,0.0,0.0,0.0,0.0,0.0
1952-07-21 11:52:00,0.0,0.0,CHILE,"CHILE:  POZO ALMONTE, OFICINA VICTORIA, ARICA",-20.52,-68.92,82.0,7.3,19603733,1.0,0.0,13.0,0.0,0.0,0.0
1952-08-22 22:41:00,0.0,0.0,CHILE,CHILE:  NORTHERN:  COPIAPO-TALTAI,-26.51,-70.54,58.0,7.0,19603733,0.0,0.0,0.0,0.0,0.0,0.0
1954-07-06 11:13:00,0.0,0.0,CHILE,"CHILE:  OFF CENTRAL COAST, LAS CRUCES",-33.134,-73.074,33.0,7.5,19603733,1.0,0.0,0.0,0.0,0.0,0.0
1954-12-16 11:07:00,2158.0,0.0,CHILE,"CHILE:  CENTRAL COAST, SAN ANTONIO, VALPARAISO",-33.132,-71.708,40.0,8.0,19603733,180.0,0.0,2575.0,1500000000.0,0.0,0.0
1954-12-21 19:56:00,0.0,0.0,CHILE,"CHILE:  VALPARAISO, VINA DEL MAR",-32.663,-71.551,33.0,6.6,19603733,1.0,0.0,0.0,0.0,0.0,0.0
1955-01-25 12:23:00,0.0,0.0,CHILE,"CHILE:  NEAR CENTRAL COAST, SANTIAGO-VALPARAISO",-34.131,-71.618,38.0,7.5,19603733,2.0,0.0,0.0,0.0,0.0,0.0
1957-03-09 14:22:00,0.0,0.0,CHILE,"CHILE:  CENTRAL, VALPARAISO",-33.071,-72.084,33.0,5.0,19603733,0.0,0.0,0.0,0.0,16.0,0.0
1957-03-22 14:21:00,2169.0,0.0,CHILE,"CHILE:  ANTOFAGASTA, ARICA",-24.388,-70.161,62.0,7.3,19603733,1.0,0.0,0.0,0.0,0.0,0.0
1957-03-22 19:44:00,0.0,0.0,CHILE,"CHILE:  ARICA, IQUIQUE",-19.022,-69.991,70.0,6.9,19603733,5.0,0.0,112.0,1000000.0,1000.0,0.0
1958-07-10 06:15:00,2180.0,0.0,CHILE,CHILE:  TALTAL,-24.753,-70.433,37.0,6.7,19603733,0.0,0.0,0.0,0.0,0.0,0.0
1959-08-18 06:37:00,2249.0,0.0,CHILE,"CHILE:  ANTOFAGASTA, CALAMA, MEJILLONES",-23.34,-70.294,46.0,8.0,19603733,3.0,0.0,0.0,1791000.0,115.0,0.0
1961-04-04 21:32:00,2255.0,0.0,CHILE,CHILE:  NEAR CENTRAL COAST,-28.906,-71.417,20.0,6.7,19603733,0.0,0.0,0.0,0.0,0.0,0.0
1962-08-30 13:35:00,2266.0,0.0,CHILE,CHILE:  EASTER ISLAND REGION,-22.118,-113.436,10.0,6.9,19603733,0.0,0.0,0.0,0.0,0.0,0.0
1962-12-21 08:42:00,0.0,0.0,CHILE,"CHILE:  PUEBLO NUEVO, COQUIMBO, LA CHIMBA",-30.933,-71.22,58.0,7.1,19603733,8.0,0.0,300.0,48000000.0,5000.0,15700.0
1964-03-28 03:36:00,0.0,0.0,CHILE,"CHILE: NORTHERN: CUYA, HUARA, IQUIQUE, POZO ALMONTE",-19.384,-69.231,33.0,5.6,19603733,0.0,0.0,0.0,0.0,0.0,0.0
1965-02-04 05:01:00,0.0,0.0,CHILE,"CHILE:  CENTRAL:  COQUIMBO, LA SERENA, OVALLE",-29.67,-71.384,71.0,6.4,19603733,0.0,0.0,0.0,0.0,0.0,0.0
1965-03-30 02:27:00,0.0,0.0,CHILE,"CHILE:  COPIAPO, TALTAL",-27.535,-70.586,62.0,6.6,19603733,0.0,0.0,19.0,0.0,34.0,575.0
1965-04-29 15:28:00,0.0,0.0,CHILE,"CHILE:  OVALLE, COQUIMBO; ARGENTINA:  SAN JUAN",-30.608,-71.637,33.0,6.8,19603733,0.0,0.0,1.0,0.0,0.0,0.0
1965-07-02 20:58:00,0.0,0.0,CHILE,CHILE: CANETE,-37.695,-73.406,21.0,6.6,19603733,0.0,0.0,0.0,0.0,0.0,0.0
1969-10-02 04:56:00,0.0,0.0,CHILE,"CHILE: CARAHUE, IMPERIAL, TEMUCO",-38.854,-73.155,38.0,5.9,19603733,0.0,0.0,0.0,0.0,0.0,0.0
1970-03-11 22:38:00,0.0,0.0,CHILE,CHILE:  TARAPACA,-19.987,-69.197,116.0,7.7,19603733,11.0,0.0,200.0,0.0,544.0,0.0
1971-02-09 14:00:00,0.0,0.0,CHILE,CHILE:  TARAPACA,-19.78,-68.98,11.0,5.8,19603733,0.0,0.0,0.0,0.0,0.0,0.0
1971-05-02 06:08:00,3044.0,0.0,CHILE,CHILE:  SOUTHERN,-45.243,-72.648,37.0,6.2,19603733,10.0,0.0,0.0,0.0,0.0,2.0
1971-11-06 22:00:00,3293.0,0.0,CHILE,"CHILE:  TOCOPILLA, MARIA ELENA",-22.247,-69.89,40.0,7.7,19603733,2.0,0.0,65.0,0.0,0.0,0.0
1972-07-30 21:45:00,0.0,0.0,CHILE,"CHILE:  OFF CENTRAL COAST, VINA DEL MAR, VALPARAISO",-32.689,-71.695,25.0,5.9,19603733,0.0,0.0,4.0,0.0,0.0,0.0
1973-02-21 14:45:00,4682.0,0.0,CHILE,"CHILE:  MAULE, CONCEPCION, TALCAHUANO",-36.122,-72.898,23.0,8.8,19603733,558.0,0.0,12000.0,30000000000.0,0.0,500000.0
1973-04-26 20:26:00,4722.0,0.0,CHILE,CHILE:  RANCAGUA,-34.29,-71.891,11.0,6.9,19603733,0.0,0.0,0.0,0.0,0.0,0.0
1975-02-02 08:43:00,5406.0,0.0,CHILE,CHILE:  OFF COAST CENTRAL,-36.474,-73.125,28.0,6.8,19603733,0.0,0.0,0.0,0.0,0.0,0.0
1975-03-28 02:31:00,0.0,0.0,CHILE,"CHILE:  PARRAL, SANTIAGO",-35.2,-72.217,41.0,7.2,19603733,1.0,0.0,14.0,0.0,0.0,0.0
1975-08-01 20:20:00,0.0,0.0,CHILE,CHILE:  VALPARAISO,-32.625,-71.365,29.0,6.7,19603733,2.0,0.0,0.0,0.0,0.0,0.0
1975-11-29 14:47:00,0.0,0.0,CHILE,CHILE:  ARICA; PERU:  TACNA,-17.678,-69.591,10.0,6.3,19603733,0.0,0.0,0.0,0.0,0.0,0.0
1978-08-13 22:54:00,5555.0,0.0,CHILE,CHILE:  IQUIQUE,-19.981,-70.702,20.0,6.7,19603733,0.0,0.0,0.0,0.0,0.0,0.0
1979-02-28 21:27:00,5557.0,0.0,CHILE,"CHILE:  NORTHERN:  IQUIQUE, ALTO HOSPICIO",-19.61,-70.769,25.0,8.2,19603733,7.0,0.0,0.0,100000000.0,0.0,2600.0
1979-10-15 23:16:00,5558.0,0.0,CHILE,CHILE:  NORTHERN:  IQUIQUE,-20.571,-70.493,22.0,7.7,19603733,0.0,0.0,0.0,0.0,0.0,0.0
1980-01-24 19:00:00,5577.0,0.0,CHILE,CHILE: EASTER ISLAND REGION,-32.108,-110.811,17.0,7.0,19603733,0.0,0.0,0.0,0.0,0.0,0.0
1980-05-18 15:32:00,5590.0,0.0,CHILE,CHILE:  CENTRAL,-31.573,-71.674,22.0,8.3,19603733,15.0,1.0,14.0,600000000.0,2305.0,10044.0
1980-05-25 16:33:00,5592.0,0.0,CHILE,CHILE:  LA SERENA,-29.439,-72.105,10.0,6.9,19603733,0.0,0.0,0.0,0.0,0.0,0.0
1980-07-27 18:52:00,5637.0,0.0,CHILE,CHILE,-43.517,-74.391,30.0,7.6,19603733,0.0,0.0,0.0,0.0,0.0,0.0
1980-11-08 10:27:00,5647.0,0.0,CHILE,CHILE:  VALPARAISO,-33.038,-72.062,28.0,6.9,19603733,0.0,0.0,0.0,0.0,0.0,0.0
1981-04-26 12:09:00,0.0,0.0,CHILE,CHILE:  SANTIAGO,-33.201,-70.614,99.0,5.4,19603733,1.0,0.0,0.0,0.0,0.0,0.0
1983-05-02 23:42:00,0.0,0.0,CHILE,"CHILE:  COQUIMBO, LA SERENA",-30.04,-71.382,63.0,6.7,19603733,2.0,0.0,0.0,0.0,0.0,1061.0
1983-07-12 15:10:00,5710.0,0.0,CHILE,CHILE:  COQUIMBO,-30.056,-72.082,11.0,6.4,19603733,0.0,0.0,0.0,0.0,0.0,0.0
1983-10-28 14:06:00,0.0,0.0,CHILE,CHILE:  SOUTH CENTRAL,-40.815,-72.002,129.0,6.1,19603733,1.0,0.0,0.0,0.0,0.0,0.0
1983-11-16 16:13:00,0.0,0.0,CHILE,CHILE:  CONCEPCION,-35.473,-73.162,11.0,6.8,19603733,1.0,0.0,0.0,0.0,0.0,0.0
1984-04-24 21:15:00,5760.0,0.0,CHILE,CHILE:  OFF COAST CENTRAL,-39.343,-74.99,10.0,6.7,19603733,0.0,0.0,0.0,0.0,0.0,0.0
1811-12-16 08:15:00,593.0,0.0,JAPAN,JAPAN:  KISAKATA,39.05,139.95,0.0,7.3,125124989,450.0,0.0,0.0,0.0,10810.0,300.0
1811-12-16 13:15:00,599.0,0.0,JAPAN,"E. AWA, TOKUSHIMA PREFECTURE",33.9,134.8,0.0,6.5,125124989,0.0,0.0,0.0,0.0,0.0,0.0
1812-02-07 09:45:00,0.0,0.0,JAPAN,JAPAN,35.4,139.6,0.0,6.6,125124989,0.0,0.0,0.0,0.0,0.0,0.0
1836-06-10 15:30:00,684.0,0.0,JAPAN,"W. HOKKAIDO ISLAND, JAPAN",43.3,141.4,0.0,6.4,125124989,0.0,0.0,0.0,0.0,73.0,0.0
1851-05-15 16:10:00,750.0,0.0,JAPAN,"SANRIKU, JAPAN",39.5,142.5,0.0,6.9,125124989,0.0,0.0,0.0,0.0,0.0,0.0
1851-11-13 02:51:00,0.0,0.0,JAPAN,"JAPAN:  ZENKOJI, NAGANO",37.0,138.0,0.0,7.4,125124989,12000.0,0.0,0.0,0.0,34000.0,0.0
1852-11-25 07:09:00,0.0,0.0,JAPAN,JAPAN:  ODAWARA,35.5,139.5,0.0,0.0,125124989,0.0,0.0,0.0,0.0,0.0,0.0
1854-01-27 18:10:00,0.0,0.0,JAPAN,"JAPAN:  IGA, ISE, YAMATO",35.0,136.0,0.0,0.0,125124989,1352.0,0.0,0.0,0.0,5000.0,0.0
1854-05-31 12:59:00,835.0,0.0,JAPAN,JAPAN:  ENSHUNADA SEA,34.0,137.9,0.0,8.3,125124989,1000.0,0.0,0.0,0.0,8900.0,0.0
1854-10-22 03:35:00,837.0,0.0,JAPAN,JAPAN:  NANKAIDO,33.1,135.0,0.0,8.4,125124989,3000.0,0.0,0.0,0.0,20000.0,15000.0
1855-03-20 00:30:00,850.0,0.0,JAPAN,ENSHUNADA,34.5,137.6,0.0,7.0,125124989,0.0,0.0,0.0,0.0,0.0,0.0
1855-07-11 04:15:00,851.0,0.0,JAPAN,JAPAN:  TOKYO,35.65,139.8,0.0,7.0,125124989,6757.0,0.0,0.0,0.0,50000.0,0.0
1855-10-22 03:45:00,5426.0,0.0,JAPAN,JAPAN:  NANKAIDO,32.5,134.5,0.0,7.0,125124989,0.0,0.0,0.0,0.0,0.0,0.0
1856-02-15 13:25:00,864.0,0.0,JAPAN,JAPAN:  OSHIMA,40.5,143.5,0.0,8.0,125124989,26.0,0.0,0.0,0.0,193.0,238.0
1857-01-09 10:13:00,871.0,0.0,JAPAN,"TOKAIDO, JAPAN",34.8,138.3,0.0,6.4,125124989,0.0,0.0,0.0,0.0,0.0,0.0
1858-11-26 08:35:00,0.0,0.0,JAPAN,JAPAN:  HIDA:  N,36.0,137.5,0.0,0.0,125124989,203.0,0.0,0.0,0.0,709.0,0.0
1861-07-04 00:11:00,876.0,0.0,JAPAN,JAPAN:  RYUKYU ISLANDS,26.2,127.5,0.0,0.0,125124989,0.0,0.0,0.0,0.0,0.0,0.0
1865-10-01 17:15:00,936.0,0.0,JAPAN,JAPAN:  RYUKYU ISLANDS,0.0,0.0,0.0,0.0,125124989,0.0,0.0,0.0,0.0,0.0,0.0
1865-10-08 20:46:00,1038.0,0.0,JAPAN,JAPAN:  HONSHU:  SW,34.9,132.0,0.0,7.4,125124989,804.0,0.0,200.0,0.0,5796.0,0.0
1866-09-05 13:00:00,5415.0,0.0,JAPAN,JAPAN:  BONIN ISLANDS [CHICHIJIMA ISLAND],27.07,142.21,0.0,0.0,125124989,0.0,0.0,0.0,0.0,0.0,0.0
1868-04-03 02:24:00,5536.0,0.0,JAPAN,JAPAN:  RYUKYU ISLANDS,0.0,0.0,0.0,0.0,125124989,0.0,0.0,0.0,0.0,0.0,0.0
1868-10-21 15:53:00,1125.0,0.0,JAPAN,JAPAN:  HOKKAIDO ISLAND,43.3,147.3,0.0,7.0,125124989,0.0,0.0,0.0,0.0,0.0,0.0
1869-02-10 11:50:00,0.0,0.0,JAPAN,JAPAN:  KUMAMOTO,32.8,130.7,0.0,6.3,125124989,20.0,0.0,74.0,0.0,239.0,0.0
1869-02-13 11:30:00,0.0,0.0,JAPAN,JAPAN:  MINO-OWARI,35.5,137.0,0.0,8.4,125124989,7273.0,0.0,0.0,0.0,142177.0,0.0
1871-02-20 08:41:00,1200.0,0.0,JAPAN,JAPAN:  SW. HONSHU ISLAND,37.0,136.8,0.0,0.0,125124989,0.0,0.0,0.0,0.0,0.0,0.0
1871-03-02 21:05:00,1204.0,0.0,JAPAN,"NEMURO, JAPAN",42.5,145.5,0.0,0.0,125124989,0.0,0.0,0.0,0.0,0.0,0.0
1871-06-18 00:00:00,1208.0,0.0,JAPAN,JAPAN:  OFF COAST OF HONSHU,42.5,146.0,40.0,7.9,125124989,1.0,0.0,6.0,0.0,0.0,99.0
1872-03-26 10:30:00,0.0,0.0,JAPAN,JAPAN:  TOKYO,35.7,139.9,0.0,7.5,125124989,24.0,0.0,157.0,0.0,90.0,0.0
1872-08-23 18:06:00,1214.0,0.0,JAPAN,JAPAN:  SYONAI,38.9,139.8,0.0,7.0,125124989,0.0,0.0,0.0,0.0,3858.0,0.0
1873-11-23 05:09:00,1231.0,0.0,JAPAN,"KASHIMA, JAPAN",36.5,141.0,0.0,0.0,125124989,0.0,0.0,0.0,0.0,0.0,0.0
1879-08-10 21:07:00,1237.0,0.0,JAPAN,JAPAN:  SANRIKU,38.1,141.9,33.0,7.4,125124989,0.0,0.0,0.0,0.0,0.0,0.0
1880-09-29 04:00:00,1241.0,0.0,JAPAN,JAPAN:  SANRIKU,38.0,143.7,0.0,7.7,125124989,0.0,0.0,0.0,0.0,0.0,0.0
1880-10-26 22:20:00,0.0,0.0,JAPAN,JAPAN,39.0,143.0,60.0,7.9,125124989,0.0,0.0,0.0,0.0,0.0,0.0
1884-08-10 19:07:00,1249.0,0.0,JAPAN,JAPAN:  SANRIKU,38.6,142.0,0.0,7.2,125124989,0.0,0.0,2.0,0.0,0.0,0.0
1886-09-01 02:51:00,1269.0,0.0,JAPAN,"SEIKAIDO, JAPAN",31.9,132.0,0.0,0.0,125124989,0.0,0.0,0.0,0.0,0.0,0.0
1891-11-29 23:21:00,0.0,0.0,JAPAN,JAPAN:  SEA OF JAPAN,36.5,133.5,0.0,7.8,125124989,0.0,0.0,0.0,0.0,0.0,0.0
1892-04-19 10:50:00,1278.0,0.0,JAPAN,"IWATE, JAPAN",39.0,143.0,33.0,0.0,125124989,0.0,0.0,0.0,0.0,0.0,0.0
1892-04-21 17:43:00,1279.0,0.0,JAPAN,JAPAN:  RYUKYU ISLANDS,27.0,130.0,60.0,7.9,125124989,0.0,0.0,0.0,0.0,0.0,0.0
1895-09-01 11:09:00,1281.0,0.0,JAPAN,JAPAN:  OFF NORTHEAST COAST HONSHU,40.5,142.5,33.0,7.9,125124989,0.0,0.0,0.0,0.0,0.0,0.0
1895-10-31 11:08:00,1282.0,0.0,JAPAN,JAPAN:  OFF NORTHEAST COAST HONSHU,40.6,142.3,33.0,8.2,125124989,18.0,0.0,0.0,0.0,8.0,0.0
1898-03-31 07:43:00,1283.0,0.0,JAPAN,JAPAN:  OFF NORTHEAST COAST HONSHU,40.5,142.5,33.0,6.3,125124989,0.0,0.0,0.0,0.0,0.0,0.0
1898-06-29 18:36:00,0.0,0.0,JAPAN,JAPAN:  SEA OF JAPAN,40.0,134.0,350.0,7.9,125124989,0.0,0.0,0.0,0.0,0.0,0.0
1899-09-04 00:22:00,0.0,0.0,JAPAN,JAPAN:  KYUSHU,30.0,130.0,25.0,7.9,125124989,0.0,0.0,0.0,0.0,0.0,0.0
1899-09-10 17:04:00,0.0,0.0,JAPAN,JAPAN:  AKI,34.0,132.0,100.0,7.8,125124989,11.0,0.0,0.0,0.0,59.0,0.0
1899-09-10 21:41:00,1324.0,0.0,JAPAN,JAPAN:  OFF FUKUSHIMA,37.4,142.6,33.0,7.0,125124989,57.0,0.0,0.0,0.0,0.0,0.0
1899-12-25 12:25:00,0.0,0.0,JAPAN,JAPAN:  HOKKAIDO,45.0,143.0,230.0,7.5,125124989,0.0,0.0,0.0,0.0,0.0,0.0
1900-08-11 04:40:00,0.0,0.0,JAPAN,JAPAN:  NEAR S COAST HONSHU,34.0,138.0,340.0,8.4,125124989,0.0,0.0,0.0,0.0,0.0,0.0
1900-10-09 12:25:00,1374.0,0.0,JAPAN,JAPAN:  CHOSHI,34.5,141.5,0.0,6.7,125124989,0.0,0.0,0.0,0.0,0.0,0.0
1901-03-03 07:45:00,1375.0,0.0,JAPAN,JAPAN:  YOKOHAMA,34.5,141.5,80.0,7.5,125124989,0.0,0.0,0.0,0.0,0.0,0.0
1901-12-31 09:02:00,1384.0,0.0,JAPAN,JAPAN:  OOMI,35.4,136.3,33.0,6.9,125124989,41.0,0.0,0.0,0.0,976.0,0.0
1902-01-01 05:20:00,0.0,0.0,JAPAN,JAPAN:  KYUSHU,32.0,131.0,190.0,7.9,125124989,0.0,0.0,0.0,0.0,0.0,0.0
1902-04-29 06:57:00,0.0,0.0,JAPAN,JAPAN:  HONSHU:  S. OF,33.0,138.5,350.0,7.4,125124989,0.0,0.0,0.0,0.0,0.0,0.0
1902-11-17 19:50:00,0.0,0.0,JAPAN,JAPAN:  HOKKAIDO,42.0,145.0,60.0,7.5,125124989,0.0,0.0,0.0,0.0,0.0,0.0
1903-06-02 13:17:00,1396.0,0.0,JAPAN,JAPAN:  RYUKYU ISLANDS,28.0,130.0,160.0,8.0,125124989,12.0,0.0,0.0,0.0,422.0,0.0
1904-08-27 21:56:00,1401.0,0.0,JAPAN,"SANRIKU, JAPAN",40.5,142.0,100.0,6.6,125124989,0.0,0.0,0.0,0.0,0.0,0.0
1905-02-14 08:46:00,1412.0,867.0,JAPAN,JAPAN:  SAKURIJIMA,31.58,130.67,0.0,7.1,125124989,63.0,0.0,112.0,19000000.0,2268.0,0.0
1906-04-18 13:12:00,0.0,0.0,JAPAN,JAPAN:  SENHOKU,39.2,139.8,33.0,7.2,125124989,94.0,0.0,0.0,0.0,640.0,0.0
1906-08-17 00:11:00,0.0,0.0,JAPAN,JAPAN:  VOLCANO ISLANDS,22.0,143.0,110.0,8.1,125124989,0.0,0.0,0.0,0.0,0.0,0.0
1906-12-23 17:22:00,0.0,0.0,JAPAN,JAPAN:  SW RYUKYU ISLANDS,23.6,123.5,60.0,7.7,125124989,0.0,0.0,0.0,0.0,0.0,0.0
1907-09-02 16:01:00,1429.0,0.0,JAPAN,JAPAN:  NEAR E COAST HONSHU,38.3,142.9,60.0,7.8,125124989,0.0,0.0,0.0,0.0,0.0,0.0
1907-09-24 12:59:00,0.0,0.0,JAPAN,JAPAN:  DUDA,29.5,131.5,33.0,8.0,125124989,0.0,0.0,0.0,0.0,0.0,0.0
1908-02-14 11:25:00,0.0,0.0,JAPAN,JAPAN:  OFF EAST COAST HONSHU,33.0,141.0,60.0,7.8,125124989,0.0,0.0,0.0,0.0,0.0,0.0
1908-09-21 06:31:00,0.0,0.0,JAPAN,JAPAN:  OFF EAST COAST HONSHU,40.5,145.5,60.0,7.6,125124989,0.0,0.0,0.0,0.0,0.0,0.0
1909-04-10 19:36:00,0.0,0.0,JAPAN,JAPAN:  KYUSHU,32.7,130.3,0.0,0.0,125124989,0.0,0.0,0.0,0.0,0.0,0.0
1909-10-06 02:41:00,1521.0,0.0,JAPAN,"KASHIMA, JAPAN",35.4,141.8,40.0,0.0,125124989,0.0,0.0,0.0,0.0,0.0,0.0
1911-09-22 05:01:00,1526.0,0.0,JAPAN,"JAPAN:  TOKYO, YOKOHAMA",35.1,139.5,35.0,7.9,125124989,142807.0,43476.0,47000.0,600000000.0,695000.0,0.0
1912-11-07 07:40:00,1527.0,0.0,JAPAN,JAPAN:  NEAR S COAST HONSHU,34.9,140.2,20.0,7.7,125124989,0.0,0.0,0.0,0.0,0.0,0.0
1915-06-23 04:56:00,0.0,0.0,JAPAN,JAPAN:  SAGAMI,35.5,139.5,0.0,0.0,125124989,0.0,0.0,0.0,0.0,0.0,0.0
1915-10-03 06:52:00,0.0,0.0,JAPAN,JAPAN:  HONSHU:  TAJIMA,35.75,134.75,0.0,6.8,125124989,395.0,0.0,0.0,0.0,3333.0,0.0
1916-02-06 21:51:00,0.0,0.0,JAPAN,JAPAN:  RYUKYU ISLANDS,27.0,127.0,130.0,7.5,125124989,0.0,0.0,0.0,0.0,0.0,0.0
1916-04-18 04:01:00,1576.0,0.0,JAPAN,JAPAN:  HONSHU:  SW,35.6,135.1,10.0,7.3,125124989,3022.0,0.0,3295.0,40000000.0,15594.0,9821.0
1917-05-31 08:47:00,1578.0,0.0,JAPAN,"SANRIKU, JAPAN",37.9,142.0,10.0,6.9,125124989,0.0,0.0,0.0,0.0,0.0,0.0
1918-04-21 22:32:00,1579.0,0.0,JAPAN,"KASHIMA, JAPAN",34.2,142.0,20.0,6.9,125124989,0.0,0.0,0.0,0.0,0.0,0.0
1921-09-29 14:12:00,1602.0,0.0,JAPAN,"SANRIKU, JAPAN",40.0,143.2,40.0,0.0,125124989,0.0,0.0,0.0,0.0,0.0,0.0
1922-01-31 13:17:00,1614.0,0.0,JAPAN,JAPAN:  HIUGANADA,31.7,132.2,30.0,6.8,125124989,0.0,0.0,0.0,0.0,0.0,0.0
1923-01-22 09:04:00,0.0,0.0,JAPAN,JAPAN:  HONSHU:  IDU,35.0,139.0,19.0,7.1,125124989,259.0,0.0,1285.0,0.0,8099.0,0.0
1925-02-23 23:54:00,1639.0,0.0,JAPAN,JAPAN:  NEAR E COAST HONSHU,40.5,142.5,60.0,7.7,125124989,0.0,0.0,0.0,0.0,0.0,0.0
1925-06-28 01:21:00,0.0,0.0,JAPAN,JAPAN:  HONSHU,36.1,139.2,20.0,7.0,125124989,0.0,0.0,0.0,0.0,0.0,0.0
1925-06-29 14:42:00,1646.0,0.0,JAPAN,JAPAN:  KYUSHU,32.0,131.5,60.0,7.5,125124989,1.0,0.0,0.0,0.0,14.0,0.0
1926-03-20 09:03:00,1661.0,0.0,JAPAN,JAPAN:  SANRIKU,39.209,144.59,15.0,8.4,125124989,3022.0,0.0,0.0,0.0,6000.0,0.0
1927-01-01 08:16:00,1664.0,0.0,JAPAN,"SANRIKU, JAPAN",38.1,142.4,20.0,0.0,125124989,0.0,0.0,0.0,0.0,0.0,0.0
1927-10-24 15:59:00,0.0,0.0,JAPAN,JAPAN:  HONSHU,35.0,138.0,10.0,6.3,125124989,0.0,0.0,0.0,0.0,0.0,0.0
1927-11-04 13:50:00,1678.0,0.0,JAPAN,JAPAN,36.6,141.4,0.0,0.0,125124989,0.0,0.0,0.0,0.0,0.0,0.0
1929-03-07 01:34:00,1684.0,0.0,JAPAN,"SANRIKU, JAPAN",39.9,143.7,10.0,0.0,125124989,0.0,0.0,0.0,0.0,0.0,0.0
1929-08-12 11:24:00,1685.0,0.0,JAPAN,"SANRIKU, JAPAN",40.7,144.3,10.0,0.0,125124989,0.0,0.0,0.0,0.0,0.0,0.0
1929-12-17 10:58:00,1695.0,0.0,JAPAN,"SANRIKU, JAPAN",38.2,142.2,40.0,0.0,125124989,0.0,0.0,0.0,0.0,0.0,0.0
1930-08-31 00:40:00,0.0,0.0,JAPAN,JAPAN:  NII JIMA,34.4,139.2,0.0,0.0,125124989,0.0,0.0,0.0,0.0,0.0,0.0
1932-06-06 08:44:00,1711.0,0.0,JAPAN,JAPAN TRENCH,36.7,141.4,0.0,0.0,125124989,0.0,0.0,0.0,0.0,0.0,0.0
1933-03-11 01:54:00,1716.0,0.0,JAPAN,JAPAN:  NEAR E COAST HONSHU,37.1,141.7,30.0,7.7,125124989,1.0,0.0,0.0,0.0,20.0,0.0
1934-03-12 15:05:00,1717.0,0.0,JAPAN,JAPAN:  NEAR E COAST HONSHU,37.2,141.7,30.0,7.6,125124989,0.0,0.0,0.0,0.0,0.0,0.0
1935-10-19 04:48:00,1719.0,0.0,JAPAN,JAPAN:  NEAR E COAST HONSHU,37.0,141.7,0.0,7.1,125124989,0.0,0.0,0.0,0.0,0.0,0.0
1935-10-31 18:37:00,1721.0,0.0,JAPAN,JAPAN:  SANRIKU,37.6,141.2,20.0,0.0,125124989,0.0,0.0,0.0,0.0,0.0,0.0
1938-11-10 20:18:00,1725.0,0.0,JAPAN,JAPAN:  SANRIKU,37.0,141.5,60.0,6.0,125124989,0.0,0.0,0.0,0.0,0.0,0.0
1940-05-19 04:36:00,1727.0,0.0,JAPAN,JAPAN:  SANRIKU,36.7,142.1,10.0,0.0,125124989,0.0,0.0,0.0,0.0,0.0,0.0
1940-07-14 05:52:00,1728.0,0.0,JAPAN,JAPAN:  SANRIKU,37.0,142.2,50.0,0.0,125124989,0.0,0.0,0.0,0.0,0.0,0.0
1941-02-09 09:44:00,1731.0,0.0,JAPAN,"SEIKAIDO, JAPAN",32.3,132.0,20.0,6.6,125124989,1.0,0.0,0.0,0.0,1.0,0.0
1944-09-05 04:38:00,1734.0,0.0,JAPAN,JAPAN:  HONSHU:  NW,40.1,139.5,0.0,7.0,125124989,27.0,0.0,52.0,0.0,479.0,0.0
1946-04-01 12:29:00,1741.0,0.0,JAPAN,JAPAN:  W. HOKKAIDO ISLAND,44.2,139.5,10.0,7.5,125124989,10.0,0.0,0.0,0.0,20.0,0.0
1946-11-01 11:14:00,1747.0,0.0,JAPAN,JAPAN:  SHIKOKU,32.0,132.1,10.0,7.4,125124989,2.0,0.0,0.0,0.0,27.0,0.0
1947-04-10 15:58:00,1753.0,0.0,JAPAN,"SE. HOKKAIDO ISLAND, JAPAN",41.2,143.3,20.0,0.0,125124989,0.0,0.0,0.0,0.0,0.0,0.0
1948-05-14 22:31:00,0.0,0.0,JAPAN,JAPAN:  HONSHU:  S,35.3,133.9,10.0,7.4,125124989,1400.0,0.0,0.0,0.0,7739.0,0.0
1949-04-13 19:55:00,1756.0,0.0,JAPAN,JAPAN:  OFF SOUTHEAST COAST KII PENINSULA,34.0,137.1,30.0,8.1,125124989,1223.0,0.0,2135.0,0.0,29205.0,46950.0
1949-11-17 01:19:00,1759.0,0.0,JAPAN,JAPAN:  HONSHU:  S,34.7,137.2,0.0,7.1,125124989,2306.0,0.0,896.0,0.0,7221.0,0.0
1951-08-15 07:23:00,1760.0,0.0,JAPAN,"SANRIKU, JAPAN",40.9,142.1,20.0,0.0,125124989,0.0,0.0,0.0,0.0,0.0,0.0
1951-08-21 10:57:00,1770.0,0.0,JAPAN,JAPAN:  HONSHU:  S COAST,33.123,135.905,15.0,8.3,125124989,1362.0,0.0,0.0,0.0,11661.0,0.0
1952-03-17 03:58:00,1776.0,0.0,JAPAN,"W. HOKKAIDO ISLAND, JAPAN",43.8,141.0,33.0,7.0,125124989,0.0,0.0,0.0,0.0,0.0,0.0
1952-07-21 11:52:00,1781.0,0.0,JAPAN,"TOKAIDO, JAPAN",33.1,135.6,40.0,0.0,125124989,0.0,0.0,0.0,0.0,0.0,0.0
1952-08-22 22:41:00,0.0,0.0,JAPAN,JAPAN:  FUKUI,36.5,136.0,20.0,7.3,125124989,5131.0,0.0,11000.0,1000000000.0,63000.0,18543.0
1954-07-06 11:13:00,1817.0,0.0,JAPAN,JAPAN:  HOKKAIDO,42.15,143.85,45.0,8.1,125124989,33.0,0.0,572.0,0.0,2422.0,0.0
1954-12-16 11:07:00,1841.0,0.0,JAPAN,JAPAN:  KASHIMA,34.0,141.7,60.0,7.4,125124989,1.0,0.0,0.0,0.0,0.0,0.0
1954-12-21 19:56:00,1847.0,0.0,JAPAN,JAPAN:  HONSHU:  MIYAGI PREFECTURE,38.9,142.2,30.0,6.5,125124989,0.0,0.0,0.0,0.0,0.0,0.0
1955-01-25 12:23:00,1855.0,0.0,JAPAN,"NE. HOKKAIDO ISLAND, JAPAN",44.3,144.1,20.0,0.0,125124989,0.0,0.0,0.0,0.0,0.0,0.0
1957-03-09 14:22:00,1863.0,0.0,JAPAN,JAPAN:  IZU PENINSULA,33.8,138.8,50.0,6.5,125124989,0.0,0.0,0.0,0.0,0.0,0.0
1957-03-22 14:21:00,0.0,0.0,JAPAN,JAPAN:  RYUKYU ISLANDS,25.0,125.0,70.0,7.5,125124989,0.0,0.0,0.0,0.0,0.0,0.0
1957-03-22 19:44:00,1886.0,0.0,JAPAN,"SANRIKU, JAPAN",37.5,142.2,40.0,0.0,125124989,0.0,0.0,0.0,0.0,0.0,0.0
1958-07-10 06:15:00,1893.0,0.0,JAPAN,"SANRIKU, JAPAN",37.5,143.2,10.0,0.0,125124989,0.0,0.0,0.0,0.0,0.0,0.0
1959-08-18 06:37:00,1898.0,0.0,JAPAN,JAPAN:  SANRIKU,39.8,143.4,20.0,7.5,125124989,0.0,0.0,0.0,0.0,0.0,0.0
1961-04-04 21:32:00,1899.0,0.0,JAPAN,JAPAN:  SANRIKU,39.4,143.7,20.0,6.7,125124989,0.0,0.0,0.0,0.0,0.0,0.0
1962-08-30 13:35:00,1905.0,0.0,JAPAN,JAPAN:  SANRIKU,40.3,142.5,50.0,6.7,125124989,0.0,0.0,0.0,0.0,0.0,0.0
1962-12-21 08:42:00,1910.0,0.0,JAPAN,JAPAN:  KASHIMA,36.0,142.3,40.0,0.0,125124989,0.0,0.0,0.0,0.0,0.0,0.0
1964-03-28 03:36:00,1911.0,0.0,JAPAN,JAPAN:  KASHIMA,36.0,141.9,20.0,0.0,125124989,0.0,0.0,0.0,0.0,0.0,0.0
1965-02-04 05:01:00,1912.0,0.0,JAPAN,JAPAN:  KASHIMA,36.2,141.9,20.0,0.0,125124989,0.0,0.0,0.0,0.0,0.0,0.0
1965-03-30 02:27:00,1914.0,0.0,JAPAN,JAPAN:  MIYAZAKI,31.6,131.8,74.0,7.3,125124989,2.0,0.0,7.0,0.0,170.0,0.0
1965-04-29 15:28:00,1920.0,0.0,JAPAN,JAPAN:  RYUKYU ISLANDS,29.6,131.8,60.0,0.0,125124989,0.0,0.0,0.0,0.0,0.0,0.0
1965-07-02 20:58:00,1924.0,0.0,JAPAN,JAPAN:  SE. HOKKAIDO ISLAND,42.9,145.6,80.0,0.0,125124989,0.0,0.0,0.0,0.0,0.0,0.0
1969-10-02 04:56:00,0.0,0.0,JAPAN,JAPAN:  HONSHU:  W COAST,36.0,136.7,0.0,7.3,125124989,0.0,0.0,0.0,0.0,0.0,0.0
1970-03-11 22:38:00,1927.0,0.0,JAPAN,JAPAN:  SE. HOKKAIDO ISLAND,42.7,145.7,60.0,0.0,125124989,0.0,0.0,0.0,0.0,0.0,0.0
1971-02-09 14:00:00,1929.0,0.0,JAPAN,JAPAN:  SANRIKU,38.073,142.741,25.0,7.2,125124989,0.0,0.0,0.0,0.0,0.0,0.0
1971-05-02 06:08:00,1930.0,0.0,JAPAN,"SE. HOKKAIDO ISLAND, JAPAN",42.2,143.9,60.0,0.0,125124989,0.0,0.0,0.0,0.0,0.0,0.0
1971-11-06 22:00:00,0.0,0.0,JAPAN,JAPAN:  HONSHU:  SENDAI,38.8,140.9,104.0,6.8,125124989,1.0,0.0,0.0,0.0,0.0,0.0
1972-07-30 21:45:00,1933.0,0.0,JAPAN,JAPAN:  OFF COAST OF HONSHU ISLAND,41.8,142.4,60.0,5.7,125124989,0.0,0.0,0.0,0.0,0.0,0.0
1973-02-21 14:45:00,1957.0,0.0,JAPAN,JAPAN:  NW. HONSHU ISLAND,40.3,139.0,30.0,6.9,125124989,0.0,0.0,0.0,0.0,2.0,0.0
1973-04-26 20:26:00,5422.0,0.0,JAPAN,JAPAN:  NW. HONSHU ISLAND,40.4,139.0,0.0,6.6,125124989,0.0,0.0,0.0,0.0,0.0,0.0
1975-02-02 08:43:00,1959.0,0.0,JAPAN,JAPAN:  HONSHU:  W COAST,38.65,139.2,40.0,7.5,125124989,26.0,0.0,450.0,80000000.0,2250.0,0.0
1975-03-28 02:31:00,1962.0,0.0,JAPAN,"NW. HONSHU ISLAND, JAPAN",40.4,138.9,40.0,0.0,125124989,0.0,0.0,0.0,0.0,0.0,0.0
1975-08-01 20:20:00,5505.0,0.0,JAPAN,"JAPAN:  AICHI, SHIZOUKA PREFECTURES",34.9,138.0,36.0,6.0,125124989,1.0,0.0,4.0,0.0,0.0,0.0
1975-11-29 14:47:00,0.0,0.0,JAPAN,JAPAN:  KYUSHU,32.0,130.6,3.0,6.3,125124989,3.0,0.0,0.0,0.0,0.0,0.0
1978-08-13 22:54:00,1998.0,0.0,JAPAN,"JAPAN:  KYUSHU, SHIKOKU",32.3,132.5,30.0,7.5,125124989,1.0,0.0,22.0,0.0,0.0,0.0
1979-02-28 21:27:00,2000.0,0.0,JAPAN,JAPAN:  OFF EAST COAST OF HONSHU ISLAND,40.8,143.2,7.0,8.2,125124989,52.0,0.0,330.0,131000000.0,1218.0,0.0
1979-10-15 23:16:00,2438.0,0.0,JAPAN,JAPAN:  OFF COAST OF HONSHU ISLAND,41.5,142.7,33.0,7.5,125124989,0.0,0.0,0.0,0.0,0.0,0.0
1980-01-24 19:00:00,2001.0,0.0,JAPAN,JAPAN:  SANRIKU,39.4,143.1,44.0,7.2,125124989,0.0,0.0,0.0,0.0,0.0,0.0
1980-05-18 15:32:00,2004.0,0.0,JAPAN,JAPAN:  SEIKAIDO-NANKAIDO,33.3,132.2,10.0,0.0,125124989,0.0,0.0,0.0,0.0,0.0,0.0
1980-05-25 16:33:00,0.0,0.0,JAPAN,JAPAN:  BONIN ISLANDS,26.3,140.6,516.0,7.5,125124989,0.0,0.0,0.0,0.0,0.0,0.0
1980-07-27 18:52:00,0.0,0.0,JAPAN,JAPAN:  HOKKAIDO,45.0,143.2,204.0,7.6,125124989,0.0,0.0,0.0,0.0,0.0,0.0
1980-11-08 10:27:00,2013.0,0.0,JAPAN,JAPAN:  RYUKYU ISLANDS,32.2,132.1,41.0,0.0,125124989,0.0,0.0,0.0,0.0,0.0,0.0
1981-04-26 12:09:00,2025.0,0.0,JAPAN,"SEIKAIDO, JAPAN",32.2,131.7,34.0,7.0,125124989,0.0,0.0,13.0,0.0,0.0,0.0
1983-05-02 23:42:00,2036.0,0.0,JAPAN,JAPAN TRENCH,41.4,143.5,51.0,7.3,125124989,0.0,0.0,0.0,0.0,0.0,0.0
1983-07-12 15:10:00,2046.0,0.0,JAPAN,"JAPAN:  S OF HONSHU:  HACHIJOJIMA, TOKYO",33.3,140.8,56.0,7.2,125124989,0.0,0.0,0.0,0.0,0.0,0.0
1983-10-28 14:06:00,2056.0,0.0,JAPAN,"JAPAN:  S OF HONSHU, HACHIJOJIMA",33.3,140.7,66.0,7.4,125124989,0.0,0.0,0.0,0.0,0.0,0.0
1983-11-16 16:13:00,2060.0,0.0,JAPAN,JAPAN:  HOKKAIDO ISLAND,43.2,145.8,48.0,7.7,125124989,27.0,0.0,0.0,5000000.0,2.0,0.0
1984-04-24 21:15:00,2065.0,0.0,JAPAN,JAPAN:  NAKAGI,34.5,138.7,2.0,6.5,125124989,27.0,0.0,102.0,0.0,134.0,0.0
1984-10-18 15:30:00,0.0,0.0,JAPAN,"JAPAN:  HONSHU:  KAKIOTA,  MITO, TOKYO",36.0,139.82,58.0,5.7,125124989,2.0,0.0,17.0,0.0,0.0,0.0
1986-05-07 22:47:00,0.0,0.0,JAPAN,JAPAN:  AROSAN,33.0,131.1,10.0,5.8,125124989,0.0,0.0,0.0,0.0,0.0,0.0
1986-05-17 16:20:00,0.0,0.0,JAPAN,"JAPAN:  OITA, AROSAN",33.19,131.3,7.0,6.1,125124989,0.0,0.0,0.0,0.0,0.0,0.0
1986-07-08 09:20:00,2096.0,0.0,JAPAN,"JAPAN:  TOKKAIDO, OSHIMA",34.809,139.259,14.0,6.6,125124989,25.0,0.0,129.0,0.0,85.0,544.0
1986-07-13 13:47:00,0.0,0.0,JAPAN,"JAPAN:  OFUNATO, TOHOKU",38.78,141.95,60.0,6.1,125124989,0.0,0.0,0.0,0.0,0.0,0.0
1986-07-21 14:42:00,0.0,0.0,JAPAN,JAPAN:  S HONSHU:  HIROSHIMA,35.1,132.6,4.0,4.9,125124989,0.0,0.0,0.0,0.0,0.0,0.0
1987-10-01 14:42:00,2105.0,0.0,JAPAN,JAPAN:  SANRIKU,38.19,142.028,44.0,7.7,125124989,28.0,0.0,10000.0,865000000.0,0.0,0.0
1987-10-04 10:59:00,2110.0,0.0,JAPAN,"IWATE, JAPAN",40.232,143.703,10.0,6.4,125124989,0.0,0.0,0.0,0.0,0.0,0.0
1987-11-17 08:46:00,2124.0,0.0,JAPAN,JAPAN:  HONSHU:  S COAST,34.808,139.181,15.0,6.2,125124989,0.0,0.0,7.0,0.0,0.0,0.0
1987-11-24 01:54:00,0.0,0.0,JAPAN,"JAPAN:  TOKYO, YOKOHAMA",35.45,139.964,73.0,6.0,125124989,2.0,0.0,73.0,1000000.0,0.0,0.0
1987-11-30 19:23:00,2126.0,0.0,JAPAN,JAPAN:  E. HONSHU ISLAND,38.64,142.75,33.0,6.9,125124989,0.0,0.0,0.0,0.0,0.0,0.0
1988-03-06 22:35:00,2135.0,0.0,JAPAN,"JAPAN:  HOKKAIDO, URAKAWA, HIROO",42.158,142.361,44.0,6.7,125124989,110.0,0.0,100.0,1000000.0,0.0,0.0
1989-06-26 03:27:00,2136.0,0.0,JAPAN,"IBARAKI, JAPAN",36.194,141.702,37.0,6.8,125124989,0.0,0.0,0.0,0.0,0.0,0.0
1989-09-04 13:14:00,2139.0,0.0,JAPAN,JAPAN:  S. OF HONSHU ISLAND,33.826,139.434,22.0,6.1,125124989,0.0,0.0,0.0,0.0,0.0,0.0
1989-10-18 00:04:00,2142.0,0.0,JAPAN,JAPAN:  HONSHU:  AKITA,40.462,139.102,24.0,7.7,125124989,104.0,0.0,324.0,800000000.0,0.0,0.0
1990-02-28 23:43:00,2144.0,0.0,JAPAN,"NOSHIRO, JAPAN",40.249,138.948,26.0,5.9,125124989,0.0,0.0,0.0,0.0,0.0,0.0
1991-06-28 14:43:00,2145.0,0.0,JAPAN,JAPAN:  N. HONSHU ISLAND,41.346,139.099,10.0,6.9,125124989,0.0,0.0,0.0,0.0,0.0,0.0
1991-08-17 19:29:00,0.0,0.0,JAPAN,JAPAN:  HONSHU:  S COAST,35.5,139.07,25.0,5.3,125124989,1.0,0.0,28.0,0.0,0.0,0.0
1992-04-23 04:50:00,0.0,2585.0,JAPAN,"JAPAN:  MIYAKEJIMA, OSHIMA",33.941,139.513,12.0,6.0,125124989,0.0,0.0,0.0,0.0,0.0,0.0
1992-04-25 18:06:00,0.0,0.0,JAPAN,"JAPAN:  TOTTORI, YONANGO",35.464,133.899,27.0,5.2,125124989,0.0,0.0,0.0,0.0,0.0,0.0
1992-06-28 11:57:00,2154.0,7538.0,JAPAN,"JAPAN:  TORI SHIMA, OKINAWA",31.448,140.036,41.0,5.5,125124989,0.0,0.0,0.0,0.0,0.0,0.0
1992-06-28 15:05:00,2155.0,0.0,JAPAN,JAPAN:  KYUSHU:  NOBEOKA,32.386,131.945,46.0,6.7,125124989,20.0,0.0,0.0,0.0,0.0,0.0
1992-06-29 10:14:00,0.0,0.0,JAPAN,JAPAN:  HONSHU:  CENTRAL: MT ONTAKE,35.789,137.488,10.0,6.1,125124989,29.0,0.0,0.0,43000000.0,0.0,0.0
1993-03-25 13:34:00,2156.0,0.0,JAPAN,JAPAN:  HONSHU ISLAND,34.006,141.5,48.0,6.9,125124989,0.0,0.0,0.0,0.0,0.0,0.0
1993-09-21 03:28:00,2167.0,0.0,JAPAN,JAPAN:  EAST COAST HONSHU,36.988,141.689,48.0,6.3,125124989,0.0,0.0,0.0,0.0,0.0,0.0
1994-01-16 01:49:00,2170.0,0.0,JAPAN,"JAPAN:  KYUSHU:  MIYAZAKI, NAZE",32.034,131.837,54.0,6.7,125124989,2.0,0.0,5.0,0.0,0.0,0.0
1994-01-17 12:30:00,2171.0,0.0,JAPAN,JAPAN:  HONSHU ISLAND,37.447,137.865,23.0,5.1,125124989,0.0,0.0,0.0,0.0,0.0,0.0
1994-02-03 09:05:00,0.0,0.0,JAPAN,"JAPAN:  HONSHU:  CHIBA PERFECTURE, TOKYO",35.362,140.214,63.0,6.0,125124989,2.0,0.0,66.0,5000000.0,0.0,0.0
1994-09-01 15:15:00,0.0,0.0,JAPAN,"JAPAN:  HONSHU:  ITO, AJIRO",34.942,139.193,5.0,5.0,125124989,0.0,0.0,0.0,0.0,0.0,0.0
1994-12-26 14:10:00,2189.0,0.0,JAPAN,JAPAN:  N. HONSHU ISLAND,39.571,143.333,10.0,6.6,125124989,0.0,0.0,0.0,0.0,0.0,0.0
1995-10-06 05:23:00,2190.0,0.0,JAPAN,"JAPAN:  HONSHU: N, AOMORI, MISAWA",39.837,142.76,29.0,7.4,125124989,0.0,0.0,0.0,0.0,0.0,0.0
1996-06-10 04:03:00,2191.0,0.0,JAPAN,JAPAN:  NEAR S. COAST OF HONSHU,34.706,139.252,14.0,6.4,125124989,0.0,0.0,0.0,0.0,0.0,0.0
1996-06-10 15:24:00,2196.0,0.0,JAPAN,"JAPAN:  W. OF BONIN ISLANDS, IZU IS.",33.267,138.643,10.0,6.5,125124989,0.0,0.0,0.0,0.0,0.0,0.0
1999-10-16 09:46:00,0.0,0.0,JAPAN,JAPAN:  HONSHU:  TOKYO,35.106,139.644,100.0,5.6,125124989,0.0,0.0,37.0,0.0,0.0,0.0
2000-09-03 08:36:00,2211.0,0.0,JAPAN,JAPAN:  HONSHU ISLAND,39.419,143.33,29.0,7.0,125124989,0.0,0.0,0.0,0.0,0.0,0.0
2001-02-28 18:54:00,5427.0,0.0,JAPAN,JAPAN:  HONSHU:  S,32.536,141.641,16.0,6.3,125124989,0.0,0.0,0.0,0.0,0.0,0.0
2001-09-09 23:59:00,0.0,0.0,JAPAN,"JAPAN:  HOKKADIO, KUSHIRO, HACHINOHE, HONSHU",43.3,143.691,102.0,7.6,125124989,2.0,0.0,0.0,358000000.0,0.0,0.0
2002-04-20 10:50:00,2215.0,0.0,JAPAN,"JAPAN:  HONSHU:  ISHIKAWA, TOYAMA, NIIGATA",37.634,137.245,11.0,6.3,125124989,0.0,0.0,0.0,0.0,0.0,0.0
2002-10-23 11:27:00,2219.0,0.0,JAPAN,JAPAN:  HOKKAIDO; RUSSIA:  SOUTHEAST; SOUTH KOREA,42.851,139.197,17.0,7.7,125124989,231.0,0.0,233.0,1207000000.0,2374.0,0.0
2002-11-03 22:12:00,2220.0,0.0,JAPAN,JAPAN,41.985,139.839,13.0,6.3,125124989,0.0,0.0,0.0,0.0,0.0,0.0
2003-02-22 12:19:00,2226.0,0.0,JAPAN,JAPAN:  OFF EAST COAST OF HONSHU ISLAND,40.608,143.683,13.0,6.4,125124989,0.0,0.0,0.0,0.0,0.0,0.0
2003-04-29 08:59:00,2235.0,0.0,JAPAN,JAPAN:  HONSHU,40.525,143.419,27.0,7.8,125124989,3.0,0.0,200.0,170400000.0,0.0,0.0
2003-06-06 12:29:00,2236.0,0.0,JAPAN,"JAPAN:  SW HONSHU:  KOBE, AWAJI-SHIMA, NISHINOMIYA",34.59,135.069,17.0,6.9,125124989,6434.0,0.0,43792.0,100000000000.0,186175.0,274182.0
2003-11-17 06:43:00,0.0,0.0,JAPAN,"JAPAN:  NIIGATA PREFECTURE, SADO",37.925,139.186,11.0,5.4,125124989,0.0,0.0,0.0,0.0,0.0,0.0
2003-12-22 19:15:00,2253.0,0.0,JAPAN,JAPAN:  RYUKU IS.,27.929,130.175,28.0,7.1,125124989,0.0,0.0,1.0,0.0,0.0,0.0
2004-09-28 17:15:00,2254.0,0.0,JAPAN,JAPAN:  RYUKU IS.,28.094,130.148,20.0,6.8,125124989,0.0,0.0,0.0,0.0,0.0,0.0
2005-06-15 02:50:00,2265.0,7539.0,JAPAN,"HONSHU ISLAND, JAPAN",31.555,139.931,33.0,5.7,125124989,0.0,0.0,0.0,0.0,0.0,0.0
2005-07-26 04:08:00,2267.0,0.0,JAPAN,JAPAN:  KYUSHU ISLAND,30.568,131.093,10.0,6.6,125124989,0.0,0.0,0.0,0.0,0.0,0.0
2006-10-15 17:07:00,2268.0,0.0,JAPAN,JAPAN:  KYUSHU ISLAND,31.885,131.468,22.0,6.7,125124989,0.0,0.0,0.0,0.0,0.0,0.0
2007-05-08 15:46:00,2270.0,0.0,JAPAN,JAPAN:  KYUSHU,31.789,131.314,49.0,6.7,125124989,0.0,0.0,0.0,0.0,0.0,0.0
2007-07-20 11:42:00,0.0,0.0,JAPAN,"JAPAN:  KYUSHU, KAGOSHIMA",31.92,130.429,10.0,6.1,125124989,0.0,0.0,0.0,0.0,0.0,0.0
2007-08-02 03:21:00,3034.0,0.0,JAPAN,JAPAN:  HONSHU:  S,31.959,141.878,10.0,6.2,125124989,0.0,0.0,0.0,0.0,0.0,0.0
2007-08-06 08:48:00,5742.0,0.0,JAPAN,"SANRIKU, JAPAN",39.027,143.441,33.0,6.2,125124989,0.0,0.0,0.0,0.0,0.0,0.0
2007-08-17 00:38:00,0.0,0.0,JAPAN,JAPAN:  VOLCANO ISLANDS,22.338,143.73,127.0,7.6,125124989,0.0,0.0,0.0,0.0,0.0,0.0
2007-10-31 03:04:00,2340.0,5104.0,JAPAN,JAPAN:  NEAR S COAST HONSHU:  KOZU-SHIMA,34.221,139.131,10.0,6.1,125124989,1.0,0.0,0.0,0.0,0.0,0.0
2008-02-21 14:16:00,3508.0,0.0,JAPAN,JAPAN:  NEAR S COAST HONSHU:  NII-JIMA,34.319,139.26,10.0,6.1,125124989,0.0,0.0,10.0,0.0,0.0,20.0
2008-04-18 09:36:00,3509.0,0.0,JAPAN,JAPAN:  HONSHU:  S,33.901,139.376,10.0,6.5,125124989,0.0,0.0,1.0,0.0,0.0,0.0
2008-04-26 06:40:00,0.0,0.0,JAPAN,"JAPAN:  HONSHU:  W:  OKAYAMA, TOTTORI",35.456,133.134,10.0,6.7,125124989,0.0,0.0,130.0,150000000.0,104.0,2230.0
2008-07-29 18:42:00,0.0,0.0,JAPAN,"JAPAN:  HIROSHIMA, OKAYAMA, HONSHU, KAGAMA",34.083,132.526,50.0,6.8,125124989,2.0,0.0,161.0,500000000.0,0.0,3700.0
2010-01-10 00:27:00,2395.0,0.0,JAPAN,JAPAN:  RYUKYU ISLANDS,23.346,124.09,33.0,6.4,125124989,0.0,0.0,0.0,0.0,0.0,0.0
2010-06-15 04:26:00,0.0,0.0,JAPAN,"JAPAN:  HONSHU:  IWATE, MIYAGI, YAMAGATA, AKITA",38.849,141.568,68.0,7.0,125124989,0.0,0.0,143.0,233000000.0,0.0,720.0
2010-12-19 05:05:00,0.0,0.0,JAPAN,"JAPAN:  HONSHU:  MIYAGI, IWATE",38.432,141.003,10.0,5.5,125124989,0.0,0.0,569.0,411000000.0,0.0,1025.0
2011-02-17 22:47:00,0.0,0.0,JAPAN,JAPAN:  HONSHU:  TOKYO,34.998,140.172,52.0,5.7,125124989,0.0,0.0,7.0,0.0,0.0,0.0
2011-06-24 03:09:00,2406.0,0.0,JAPAN,JAPAN:  HOKKAIDO,41.815,143.91,27.0,8.3,125124989,2.0,0.0,849.0,90000000.0,0.0,0.0
2011-08-23 05:46:00,0.0,0.0,JAPAN,JAPAN:  NEAR S COAST HONSHU:  ATSUGI,35.457,139.871,78.0,5.2,125124989,0.0,0.0,0.0,0.0,0.0,0.0
2011-08-23 17:51:00,2428.0,0.0,JAPAN,JAPAN:  EAST COAST HONSHU,37.812,142.619,10.0,7.0,125124989,0.0,0.0,0.0,0.0,0.0,0.0
2011-09-02 10:55:00,2436.0,0.0,JAPAN,JAPAN:  HONSHU:  W COAST: KYOTO,33.07,136.618,14.0,7.2,125124989,0.0,0.0,4.0,0.0,0.0,0.0
2011-11-06 03:53:00,2437.0,0.0,JAPAN,"JAPAN:  HONSHU:  W COAST: KYOTO, WAKAYAMA, SAKAI",33.184,137.071,10.0,7.4,125124989,0.0,0.0,40.0,0.0,0.0,0.0
2011-11-08 02:46:00,0.0,0.0,JAPAN,JAPAN:  HONSHU:  NIIGATA PREFECTURE,37.226,138.779,16.0,6.6,125124989,40.0,0.0,3183.0,28000000000.0,6000.0,0.0
2013-01-05 08:58:00,0.0,0.0,JAPAN,JAPAN:  HONSHU:  NIIGATA PREFECTURE,37.284,138.885,14.0,5.9,125124989,0.0,0.0,5.0,0.0,1.0,0.0
2013-04-18 00:50:00,0.0,0.0,JAPAN,JAPAN:  HONSHU:  NIIGATA PREFECTURE,37.396,138.862,10.0,5.5,125124989,0.0,0.0,8.0,0.0,0.0,0.0
2014-02-09 02:16:00,2921.0,0.0,JAPAN,"JAPAN:  HOKKAIDO:  BEKKAI, KUSHIRO, NEMOURO",43.006,145.119,39.0,7.0,125124989,0.0,0.0,24.0,0.0,0.0,0.0
2014-03-29 04:09:00,0.0,0.0,JAPAN,JAPAN:  HOKKAIDO:  KUSHIRO,42.9,145.228,35.0,6.8,125124989,0.0,0.0,4.0,0.0,0.0,0.0
2014-06-23 20:53:00,0.0,0.0,JAPAN,"JAPAN:  HOKKAIDO:  OBIRO, HABORO, TOMAMAE",44.119,141.793,10.0,5.8,125124989,0.0,0.0,3.0,0.0,0.0,0.0
2014-07-15 09:08:00,2466.0,0.0,JAPAN,JAPAN:  EAST COAST HONSHU,34.064,141.491,28.0,6.6,125124989,0.0,0.0,0.0,0.0,0.0,0.0
2014-07-25 10:54:00,0.0,0.0,JAPAN,"JAPAN:  KYUSHU:  FUKUOKA, GENKAI",33.807,130.131,10.0,6.6,125124989,1.0,0.0,500.0,0.0,65.0,0.0
2014-08-24 10:20:00,0.0,0.0,JAPAN,JAPAN:  HONSHU:  TOKYO,35.498,139.982,61.0,5.9,125124989,0.0,0.0,27.0,0.0,1.0,0.0
2015-07-27 04:49:00,2548.0,0.0,JAPAN,JAPAN:  EAST COAST HONSHU,38.276,142.039,36.0,7.2,125124989,0.0,0.0,56.0,0.0,1.0,0.0
2016-01-24 10:30:00,2590.0,0.0,JAPAN,JAPAN:  EAST COAST HONSHU,38.107,144.896,11.0,7.0,125124989,0.0,0.0,0.0,0.0,0.0,0.0
2016-11-07 01:44:00,5795.0,7540.0,JAPAN,JAPAN:  HONSHU:  S. OF,31.394,140.131,10.0,5.6,125124989,0.0,0.0,0.0,0.0,0.0,0.0
2018-01-23 09:32:00,0.0,0.0,JAPAN,JAPAN:  KYUSHU,33.129,131.141,140.0,6.3,125124989,0.0,0.0,8.0,0.0,0.0,0.0
2018-03-04 23:18:00,3035.0,0.0,JAPAN,JAPAN:  HONSHU:  W COAST,37.336,136.588,8.0,6.7,125124989,1.0,0.0,359.0,0.0,13556.0,0.0
2018-05-04 22:32:00,0.0,0.0,JAPAN,JAPAN:  HONSHU:  W,34.807,136.239,16.0,4.6,125124989,0.0,0.0,12.0,0.0,63.0,0.0
2018-11-30 17:29:00,3104.0,0.0,JAPAN,JAPAN:  HONSHU:  W COAST,37.57,138.478,10.0,6.6,125124989,9.0,0.0,1088.0,12500000000.0,0.0,875.0
2019-07-04 17:33:00,0.0,0.0,JAPAN,JAPAN:  VOLCANO ISLANDS,22.013,142.668,260.0,7.5,125124989,0.0,0.0,0.0,0.0,0.0,0.0
2019-07-06 03:19:00,0.0,0.0,JAPAN,JAPAN:  HONSHU:  E COAST,36.158,141.521,39.0,6.8,125124989,0.0,0.0,6.0,0.0,0.0,0.0
2020-03-18 13:09:00,0.0,0.0,JAPAN,JAPAN:  HONSHU:  TOKYO,39.03,140.881,8.0,6.9,125124989,13.0,0.0,357.0,0.0,0.0,614.0
2020-07-22 06:12:00,3558.0,0.0,JAPAN,JAPAN:  OFF EAST COAST OF HONSHU ISLAND,37.552,142.214,22.0,6.9,125124989,0.0,0.0,0.0,0.0,0.0,0.0
2020-08-09 12:07:00,0.0,0.0,JAPAN,JAPAN:  HONSHU:  N,39.802,141.464,108.0,6.8,125124989,1.0,0.0,200.0,0.0,0.0,90.0
2020-10-19 20:54:00,3589.0,0.0,JAPAN,JAPAN:  HOKKAIDO,41.892,143.754,25.0,6.8,125124989,0.0,0.0,0.0,0.0,0.0,0.0
2021-07-29 06:15:00,4418.0,0.0,JAPAN,JAPAN:  HONSHU:  S COAST,34.743,138.264,40.0,6.4,125124989,1.0,0.0,123.0,0.0,0.0,5192.0
2022-12-20 10:34:00,0.0,0.0,JAPAN,JAPAN:  HONSHU:  ITO,34.921,139.261,7.0,4.9,125124989,0.0,0.0,7.0,0.0,0.0,20.0
